Manage Printing Methods,Manage Printing Methods
Manage Color Counter,Manage Color Counter
Manage Area Size,Manage Area Size
Minimum Printing Quantity,Minimum Printing Quantity
Printing Method Execution,Printing Method Execution
Edit Area Size,Edit Area Size
Edit Color Counter,Edit Color Counter
Edit Printing Method,Edit Printing Method
Edit Area Size,Edit Area Size
Save Area Size,Save Area Size
Save Printing Method,Save Printing Method
Save Color Counter,Save Color Counter
Color Count,Color Count
AREA SIZE INFORMATION,AREA SIZE INFORMATION
Area Size Title,Area Size Title
Area Size Start,Area Size Start
Area Size End,Area Size End
Area Size Price,Area Size Price
Delete Area Size,Delete Area Size
Delete Printing Method,Delete Printing Method
Delete Color Counter,Delete Color Counter
PRINTING METHOD INFORMATION,PRINTING METHOD INFORMATION
COLOR COUNTER INFORMATION,COLOR COUNTER INFORMATION
Print By Color,Print By Color
By Area Size,By Area Size
Printing Method,Printing Method
