clipart_id,image_path,label,tags,position,disabled,price
Alligator,/Alligator1.svg,,,1,0,NULL
Alligator,/Alligator16.svg,,,2,0,NULL
Alligator,/Alligator17.svg,,,3,0,NULL
Alligator,/Alligator18.svg,,,4,0,NULL
Alligator,/Alligator19.svg,,,5,0,NULL
Alligator,/Alligator2.svg,,,6,0,NULL
Alligator,/Alligator20.svg,,,7,0,NULL
Alligator,/Alligator21.svg,,,8,0,NULL
Alligator,/Alligator22.svg,,,9,0,NULL
Alligator,/Alligator23.svg,,,10,0,NULL
Alligator,/Alligator24.svg,,,11,0,NULL
Alligator,/Alligator25.svg,,,12,0,NULL
Alligator,/Alligator3.svg,,,13,0,NULL
Alligator,/Alligator4.svg,,,14,0,NULL
Alligator,/Alligator5.svg,,,15,0,NULL
Alligator,/Alligator6.svg,,,16,0,NULL
Angry,/angry-1.svg,,,17,0,NULL
Angry,/angry-10.svg,,,18,0,NULL
Angry,/angry-11.svg,,,19,0,NULL
Angry,/angry-12.svg,,,20,0,NULL
Angry,/angry-13.svg,,,21,0,NULL
Angry,/angry-14.svg,,,22,0,NULL
Angry,/angry-15.svg,,,23,0,NULL
Angry,/angry-16.svg,,,24,0,NULL
Angry,/angry-17.svg,,,25,0,NULL
Angry,/angry-18.svg,,,26,0,NULL
Angry,/angry-19.svg,,,27,0,NULL
Angry,/angry-2.svg,,,28,0,NULL
Angry,/angry-3.svg,,,29,0,NULL
Angry,/angry-4.svg,,,30,0,NULL
Angry,/angry-5.svg,,,31,0,NULL
Angry,/angry-6.svg,,,32,0,NULL
Angry,/angry-7.svg,,,33,0,NULL
Angry,/angry-8.svg,,,34,0,NULL
Angry,/angry-9.svg,,,35,0,NULL
Autumn,/Autumn1.svg,,,36,0,NULL
Autumn,/Autumn10.svg,,,37,0,NULL
Autumn,/Autumn11.svg,,,38,0,NULL
Autumn,/Autumn12.svg,,,39,0,NULL
Autumn,/Autumn13.svg,,,40,0,NULL
Autumn,/Autumn14.svg,,,41,0,NULL
Autumn,/Autumn15.svg,,,42,0,NULL
Autumn,/Autumn16.svg,,,43,0,NULL
Autumn,/Autumn17.svg,,,44,0,NULL
Autumn,/Autumn18.svg,,,45,0,NULL
Autumn,/Autumn19.svg,,,46,0,NULL
Autumn,/Autumn2.svg,,,47,0,NULL
Autumn,/Autumn20.svg,,,48,0,NULL
Autumn,/Autumn21.svg,,,49,0,NULL
Autumn,/Autumn22.svg,,,50,0,NULL
Autumn,/Autumn23.svg,,,51,0,NULL
Autumn,/Autumn24.svg,,,52,0,NULL
Autumn,/Autumn25.svg,,,53,0,NULL
Autumn,/Autumn26.svg,,,54,0,NULL
Autumn,/Autumn28.svg,,,55,0,NULL
Autumn,/Autumn29.svg,,,56,0,NULL
Autumn,/Autumn3.svg,,,57,0,NULL
Autumn,/Autumn30.svg,,,58,0,NULL
Autumn,/Autumn31.svg,,,59,0,NULL
Autumn,/Autumn32.svg,,,60,0,NULL
Autumn,/Autumn34.svg,,,61,0,NULL
Autumn,/Autumn35.svg,,,62,0,NULL
Autumn,/Autumn36.svg,,,63,0,NULL
Autumn,/Autumn37.svg,,,64,0,NULL
Autumn,/Autumn38.svg,,,65,0,NULL
Autumn,/Autumn39.svg,,,66,0,NULL
Autumn,/Autumn4.svg,,,67,0,NULL
Autumn,/Autumn40.svg,,,68,0,NULL
Autumn,/Autumn41.svg,,,69,0,NULL
Autumn,/Autumn43.svg,,,70,0,NULL
Autumn,/Autumn44.svg,,,71,0,NULL
Autumn,/Autumn45.svg,,,72,0,NULL
Autumn,/Autumn46.svg,,,73,0,NULL
Autumn,/Autumn47.svg,,,74,0,NULL
Autumn,/Autumn48.svg,,,75,0,NULL
Autumn,/Autumn49.svg,,,76,0,NULL
Autumn,/Autumn5.svg,,,77,0,NULL
Autumn,/Autumn50.svg,,,78,0,NULL
Autumn,/Autumn51.svg,,,79,0,NULL
Autumn,/Autumn52.svg,,,80,0,NULL
Autumn,/Autumn53.svg,,,81,0,NULL
Autumn,/Autumn54.svg,,,82,0,NULL
Autumn,/Autumn55.svg,,,83,0,NULL
Autumn,/Autumn56.svg,,,84,0,NULL
Autumn,/Autumn57.svg,,,85,0,NULL
Autumn,/Autumn58.svg,,,86,0,NULL
Autumn,/Autumn59.svg,,,87,0,NULL
Autumn,/Autumn6.svg,,,88,0,NULL
Autumn,/Autumn61.svg,,,89,0,NULL
Autumn,/Autumn62.svg,,,90,0,NULL
Autumn,/Autumn63.svg,,,91,0,NULL
Autumn,/Autumn65.svg,,,92,0,NULL
Autumn,/Autumn66.svg,,,93,0,NULL
Autumn,/Autumn67.svg,,,94,0,NULL
Autumn,/Autumn68.svg,,,95,0,NULL
Autumn,/Autumn69.svg,,,96,0,NULL
Autumn,/Autumn7.svg,,,97,0,NULL
Autumn,/Autumn70.svg,,,98,0,NULL
Autumn,/Autumn71.svg,,,99,0,NULL
Autumn,/Autumn74.svg,,,100,0,NULL
Autumn,/Autumn75.svg,,,101,0,NULL
Autumn,/Autumn76.svg,,,102,0,NULL
Autumn,/Autumn77.svg,,,103,0,NULL
Autumn,/Autumn78.svg,,,104,0,NULL
Autumn,/Autumn79.svg,,,105,0,NULL
Autumn,/Autumn8.svg,,,106,0,NULL
Autumn,/Autumn80.svg,,,107,0,NULL
Autumn,/Autumn81.svg,,,108,0,NULL
Autumn,/Autumn84.svg,,,109,0,NULL
Autumn,/Autumn85.svg,,,110,0,NULL
Autumn,/Autumn86.svg,,,111,0,NULL
Autumn,/Autumn87.svg,,,112,0,NULL
Autumn,/Autumn88.svg,,,113,0,NULL
Autumn,/Autumn89.svg,,,114,0,NULL
Autumn,/Autumn9.svg,,,115,0,NULL
Autumn,/Autumn90.svg,,,116,0,NULL
Autumn,/Autumn91.svg,,,117,0,NULL
Autumn,/Autumn92.svg,,,118,0,NULL
Autumn,/Autumn93.svg,,,119,0,NULL
Autumn,/Autumn94.svg,,,120,0,NULL
Autumn,/Autumn96.svg,,,121,0,NULL
Autumn,/Autumn97.svg,,,122,0,NULL
Bulls,/Bull1.svg,,,123,0,NULL
Bulls,/Bull10.svg,,,124,0,NULL
Bulls,/Bull11.svg,,,125,0,NULL
Bulls,/Bull12.svg,,,126,0,NULL
Bulls,/Bull13.svg,,,127,0,NULL
Bulls,/Bull14.svg,,,128,0,NULL
Bulls,/Bull15.svg,,,129,0,NULL
Bulls,/Bull16.svg,,,130,0,NULL
Bulls,/Bull17.svg,,,131,0,NULL
Bulls,/Bull18.svg,,,132,0,NULL
Bulls,/Bull19.svg,,,133,0,NULL
Bulls,/Bull2.svg,,,134,0,NULL
Bulls,/Bull20.svg,,,135,0,NULL
Bulls,/Bull21.svg,,,136,0,NULL
Bulls,/Bull22.svg,,,137,0,NULL
Bulls,/Bull3.svg,,,138,0,NULL
Bulls,/Bull4.svg,,,139,0,NULL
Bulls,/Bull5.svg,,,140,0,NULL
Bulls,/Bull6.svg,,,141,0,NULL
Bulls,/Bull7.svg,,,142,0,NULL
Bulls,/Bull8.svg,,,143,0,NULL
Bulls,/Bull9.svg,,,144,0,NULL
Computer-Laptop,/Computer1.svg,,,145,0,NULL
Computer-Laptop,/Computer10.svg,,,146,0,NULL
Computer-Laptop,/Computer11.svg,,,147,0,NULL
Computer-Laptop,/Computer12.svg,,,148,0,NULL
Computer-Laptop,/Computer13.svg,,,149,0,NULL
Computer-Laptop,/Computer14.svg,,,150,0,NULL
Computer-Laptop,/Computer15.svg,,,151,0,NULL
Computer-Laptop,/Computer16.svg,,,152,0,NULL
Computer-Laptop,/Computer17.svg,,,153,0,NULL
Computer-Laptop,/Computer18.svg,,,154,0,NULL
Computer-Laptop,/Computer19.svg,,,155,0,NULL
Computer-Laptop,/Computer2.svg,,,156,0,NULL
Computer-Laptop,/Computer20.svg,,,157,0,NULL
Computer-Laptop,/Computer21.svg,,,158,0,NULL
Computer-Laptop,/Computer22.svg,,,159,0,NULL
Computer-Laptop,/Computer28.svg,,,160,0,NULL
Computer-Laptop,/Computer3.svg,,,161,0,NULL
Computer-Laptop,/Computer31.svg,,,162,0,NULL
Computer-Laptop,/Computer4.svg,,,163,0,NULL
Computer-Laptop,/Computer5.svg,,,164,0,NULL
Computer-Laptop,/Computer6.svg,,,165,0,NULL
Computer-Laptop,/Computer7.svg,,,166,0,NULL
Computer-Laptop,/Computer73.svg,,,167,0,NULL
Computer-Laptop,/Computer74.svg,,,168,0,NULL
Computer-Laptop,/Computer75.svg,,,169,0,NULL
Computer-Laptop,/Computer76.svg,,,170,0,NULL
Computer-Laptop,/Computer77.svg,,,171,0,NULL
Computer-Laptop,/Computer78.svg,,,172,0,NULL
Computer-Laptop,/Computer8.svg,,,173,0,NULL
Computer-Laptop,/Computer80.svg,,,174,0,NULL
Computer-Laptop,/Computer81.svg,,,175,0,NULL
Computer-Laptop,/Computer83.svg,,,176,0,NULL
Computer-Laptop,/Computer86.svg,,,177,0,NULL
Computer-Laptop,/Computer9.svg,,,178,0,NULL
Desserts,/desrt-1.svg,,,179,0,NULL
Desserts,/desrt-10.svg,,,180,0,NULL
Desserts,/desrt-100.svg,,,181,0,NULL
Desserts,/desrt-101.svg,,,182,0,NULL
Desserts,/desrt-102.svg,,,183,0,NULL
Desserts,/desrt-103.svg,,,184,0,NULL
Desserts,/desrt-104.svg,,,185,0,NULL
Desserts,/desrt-106.svg,,,186,0,NULL
Desserts,/desrt-107.svg,,,187,0,NULL
Desserts,/desrt-11.svg,,,188,0,NULL
Desserts,/desrt-12.svg,,,189,0,NULL
Desserts,/desrt-13.svg,,,190,0,NULL
Desserts,/desrt-14.svg,,,191,0,NULL
Desserts,/desrt-15.svg,,,192,0,NULL
Desserts,/desrt-16.svg,,,193,0,NULL
Desserts,/desrt-17.svg,,,194,0,NULL
Desserts,/desrt-18.svg,,,195,0,NULL
Desserts,/desrt-19.svg,,,196,0,NULL
Desserts,/desrt-2.svg,,,197,0,NULL
Desserts,/desrt-20.svg,,,198,0,NULL
Desserts,/desrt-22.svg,,,199,0,NULL
Desserts,/desrt-23.svg,,,200,0,NULL
Desserts,/desrt-24.svg,,,201,0,NULL
Desserts,/desrt-26.svg,,,202,0,NULL
Desserts,/desrt-27.svg,,,203,0,NULL
Desserts,/desrt-28.svg,,,204,0,NULL
Desserts,/desrt-29.svg,,,205,0,NULL
Desserts,/desrt-3.svg,,,206,0,NULL
Desserts,/desrt-30.svg,,,207,0,NULL
Desserts,/desrt-31.svg,,,208,0,NULL
Desserts,/desrt-32.svg,,,209,0,NULL
Desserts,/desrt-33.svg,,,210,0,NULL
Desserts,/desrt-34.svg,,,211,0,NULL
Desserts,/desrt-35.svg,,,212,0,NULL
Desserts,/desrt-36.svg,,,213,0,NULL
Desserts,/desrt-37.svg,,,214,0,NULL
Desserts,/desrt-38.svg,,,215,0,NULL
Desserts,/desrt-39.svg,,,216,0,NULL
Desserts,/desrt-4.svg,,,217,0,NULL
Desserts,/desrt-40.svg,,,218,0,NULL
Desserts,/desrt-41.svg,,,219,0,NULL
Desserts,/desrt-42.svg,,,220,0,NULL
Desserts,/desrt-43.svg,,,221,0,NULL
Desserts,/desrt-44.svg,,,222,0,NULL
Desserts,/desrt-45.svg,,,223,0,NULL
Desserts,/desrt-46.svg,,,224,0,NULL
Desserts,/desrt-47.svg,,,225,0,NULL
Desserts,/desrt-48.svg,,,226,0,NULL
Desserts,/desrt-49.svg,,,227,0,NULL
Desserts,/desrt-5.svg,,,228,0,NULL
Desserts,/desrt-50.svg,,,229,0,NULL
Desserts,/desrt-51.svg,,,230,0,NULL
Desserts,/desrt-52.svg,,,231,0,NULL
Desserts,/desrt-53.svg,,,232,0,NULL
Desserts,/desrt-54.svg,,,233,0,NULL
Desserts,/desrt-55.svg,,,234,0,NULL
Desserts,/desrt-56.svg,,,235,0,NULL
Desserts,/desrt-57.svg,,,236,0,NULL
Desserts,/desrt-58.svg,,,237,0,NULL
Desserts,/desrt-59.svg,,,238,0,NULL
Desserts,/desrt-6.svg,,,239,0,NULL
Desserts,/desrt-60.svg,,,240,0,NULL
Desserts,/desrt-62.svg,,,241,0,NULL
Desserts,/desrt-63.svg,,,242,0,NULL
Desserts,/desrt-64.svg,,,243,0,NULL
Desserts,/desrt-65.svg,,,244,0,NULL
Desserts,/desrt-66.svg,,,245,0,NULL
Desserts,/desrt-67.svg,,,246,0,NULL
Desserts,/desrt-7.svg,,,247,0,NULL
Desserts,/desrt-70.svg,,,248,0,NULL
Desserts,/desrt-78.svg,,,249,0,NULL
Desserts,/desrt-8.svg,,,250,0,NULL
Desserts,/desrt-85.svg,,,251,0,NULL
Desserts,/desrt-86.svg,,,252,0,NULL
Desserts,/desrt-87.svg,,,253,0,NULL
Desserts,/desrt-88.svg,,,254,0,NULL
Desserts,/desrt-89.svg,,,255,0,NULL
Desserts,/desrt-9.svg,,,256,0,NULL
Desserts,/desrt-90.svg,,,257,0,NULL
Desserts,/desrt-91.svg,,,258,0,NULL
Desserts,/desrt-92.svg,,,259,0,NULL
Desserts,/desrt-93.svg,,,260,0,NULL
Desserts,/desrt-94.svg,,,261,0,NULL
Desserts,/desrt-95.svg,,,262,0,NULL
Desserts,/desrt-96.svg,,,263,0,NULL
Desserts,/desrt-97.svg,,,264,0,NULL
Desserts,/desrt-98.svg,,,265,0,NULL
Desserts,/desrt-99.svg,,,266,0,NULL
Other-Devices,/Device1.svg,,,267,0,NULL
Other-Devices,/Device10.svg,,,268,0,NULL
Other-Devices,/Device100.svg,,,269,0,NULL
Other-Devices,/Device101.svg,,,270,0,NULL
Other-Devices,/Device102.svg,,,271,0,NULL
Other-Devices,/Device103.svg,,,272,0,NULL
Other-Devices,/Device104.svg,,,273,0,NULL
Other-Devices,/Device105.svg,,,274,0,NULL
Other-Devices,/Device106.svg,,,275,0,NULL
Other-Devices,/Device107.svg,,,276,0,NULL
Other-Devices,/Device108.svg,,,277,0,NULL
Other-Devices,/Device109.svg,,,278,0,NULL
Other-Devices,/Device11.svg,,,279,0,NULL
Other-Devices,/Device110.svg,,,280,0,NULL
Other-Devices,/Device111.svg,,,281,0,NULL
Other-Devices,/Device112.svg,,,282,0,NULL
Other-Devices,/Device113.svg,,,283,0,NULL
Other-Devices,/Device12.svg,,,284,0,NULL
Other-Devices,/Device13.svg,,,285,0,NULL
Other-Devices,/Device14.svg,,,286,0,NULL
Other-Devices,/Device15.svg,,,287,0,NULL
Other-Devices,/Device16.svg,,,288,0,NULL
Other-Devices,/Device17.svg,,,289,0,NULL
Other-Devices,/Device18.svg,,,290,0,NULL
Other-Devices,/Device19.svg,,,291,0,NULL
Other-Devices,/Device2.svg,,,292,0,NULL
Other-Devices,/Device20.svg,,,293,0,NULL
Other-Devices,/Device21.svg,,,294,0,NULL
Other-Devices,/Device22.svg,,,295,0,NULL
Other-Devices,/Device23.svg,,,296,0,NULL
Other-Devices,/Device24.svg,,,297,0,NULL
Other-Devices,/Device25.svg,,,298,0,NULL
Other-Devices,/Device26.svg,,,299,0,NULL
Other-Devices,/Device27.svg,,,300,0,NULL
Other-Devices,/Device28.svg,,,301,0,NULL
Other-Devices,/Device29.svg,,,302,0,NULL
Other-Devices,/Device3.svg,,,303,0,NULL
Other-Devices,/Device30.svg,,,304,0,NULL
Other-Devices,/Device31.svg,,,305,0,NULL
Other-Devices,/Device32.svg,,,306,0,NULL
Other-Devices,/Device33.svg,,,307,0,NULL
Other-Devices,/Device34.svg,,,308,0,NULL
Other-Devices,/Device35.svg,,,309,0,NULL
Other-Devices,/Device36.svg,,,310,0,NULL
Other-Devices,/Device37.svg,,,311,0,NULL
Other-Devices,/Device38.svg,,,312,0,NULL
Other-Devices,/Device39.svg,,,313,0,NULL
Other-Devices,/Device4.svg,,,314,0,NULL
Other-Devices,/Device40.svg,,,315,0,NULL
Other-Devices,/Device41.svg,,,316,0,NULL
Other-Devices,/Device42.svg,,,317,0,NULL
Other-Devices,/Device43.svg,,,318,0,NULL
Other-Devices,/Device44.svg,,,319,0,NULL
Other-Devices,/Device45.svg,,,320,0,NULL
Other-Devices,/Device46.svg,,,321,0,NULL
Other-Devices,/Device47.svg,,,322,0,NULL
Other-Devices,/Device48.svg,,,323,0,NULL
Other-Devices,/Device49.svg,,,324,0,NULL
Other-Devices,/Device5.svg,,,325,0,NULL
Other-Devices,/Device50.svg,,,326,0,NULL
Other-Devices,/Device51.svg,,,327,0,NULL
Other-Devices,/Device52.svg,,,328,0,NULL
Other-Devices,/Device53.svg,,,329,0,NULL
Other-Devices,/Device6.svg,,,330,0,NULL
Other-Devices,/Device62.svg,,,331,0,NULL
Other-Devices,/Device65.svg,,,332,0,NULL
Other-Devices,/Device7.svg,,,333,0,NULL
Other-Devices,/Device78.svg,,,334,0,NULL
Other-Devices,/Device79.svg,,,335,0,NULL
Other-Devices,/Device8.svg,,,336,0,NULL
Other-Devices,/Device80.svg,,,337,0,NULL
Other-Devices,/Device81.svg,,,338,0,NULL
Other-Devices,/Device82.svg,,,339,0,NULL
Other-Devices,/Device83.svg,,,340,0,NULL
Other-Devices,/Device84.svg,,,341,0,NULL
Other-Devices,/Device85.svg,,,342,0,NULL
Other-Devices,/Device86.svg,,,343,0,NULL
Other-Devices,/Device87.svg,,,344,0,NULL
Other-Devices,/Device88.svg,,,345,0,NULL
Other-Devices,/Device89.svg,,,346,0,NULL
Other-Devices,/Device9.svg,,,347,0,NULL
Other-Devices,/Device90.svg,,,348,0,NULL
Other-Devices,/Device91.svg,,,349,0,NULL
Other-Devices,/Device92.svg,,,350,0,NULL
Other-Devices,/Device93.svg,,,351,0,NULL
Other-Devices,/Device94.svg,,,352,0,NULL
Other-Devices,/Device95.svg,,,353,0,NULL
Other-Devices,/Device96.svg,,,354,0,NULL
Other-Devices,/Device97.svg,,,355,0,NULL
Other-Devices,/Device98.svg,,,356,0,NULL
Other-Devices,/Device99.svg,,,357,0,NULL
Dogs,/Dog1.svg,,,358,0,NULL
Dogs,/Dog10.svg,,,359,0,NULL
Dogs,/Dog100.svg,,,360,0,NULL
Dogs,/Dog101.svg,,,361,0,NULL
Dogs,/Dog102.svg,,,362,0,NULL
Dogs,/Dog103.svg,,,363,0,NULL
Dogs,/Dog104.svg,,,364,0,NULL
Dogs,/Dog105.svg,,,365,0,NULL
Dogs,/Dog106.svg,,,366,0,NULL
Dogs,/Dog107.svg,,,367,0,NULL
Dogs,/Dog108.svg,,,368,0,NULL
Dogs,/Dog109.svg,,,369,0,NULL
Dogs,/Dog11.svg,,,370,0,NULL
Dogs,/Dog110.svg,,,371,0,NULL
Dogs,/Dog111.svg,,,372,0,NULL
Dogs,/Dog112.svg,,,373,0,NULL
Dogs,/Dog113.svg,,,374,0,NULL
Dogs,/Dog114.svg,,,375,0,NULL
Dogs,/Dog115.svg,,,376,0,NULL
Dogs,/Dog116.svg,,,377,0,NULL
Dogs,/Dog117.svg,,,378,0,NULL
Dogs,/Dog118.svg,,,379,0,NULL
Dogs,/Dog119.svg,,,380,0,NULL
Dogs,/Dog12.svg,,,381,0,NULL
Dogs,/Dog120.svg,,,382,0,NULL
Dogs,/Dog121.svg,,,383,0,NULL
Dogs,/Dog122.svg,,,384,0,NULL
Dogs,/Dog123.svg,,,385,0,NULL
Dogs,/Dog124.svg,,,386,0,NULL
Dogs,/Dog125.svg,,,387,0,NULL
Dogs,/Dog126.svg,,,388,0,NULL
Dogs,/Dog127.svg,,,389,0,NULL
Dogs,/Dog128.svg,,,390,0,NULL
Dogs,/Dog129.svg,,,391,0,NULL
Dogs,/Dog13.svg,,,392,0,NULL
Dogs,/Dog130.svg,,,393,0,NULL
Dogs,/Dog131.svg,,,394,0,NULL
Dogs,/Dog132.svg,,,395,0,NULL
Dogs,/Dog133.svg,,,396,0,NULL
Dogs,/Dog134.svg,,,397,0,NULL
Dogs,/Dog135.svg,,,398,0,NULL
Dogs,/Dog136.svg,,,399,0,NULL
Dogs,/Dog137.svg,,,400,0,NULL
Dogs,/Dog138.svg,,,401,0,NULL
Dogs,/Dog139.svg,,,402,0,NULL
Dogs,/Dog14.svg,,,403,0,NULL
Dogs,/Dog140.svg,,,404,0,NULL
Dogs,/Dog141.svg,,,405,0,NULL
Dogs,/Dog142.svg,,,406,0,NULL
Dogs,/Dog143.svg,,,407,0,NULL
Dogs,/Dog144.svg,,,408,0,NULL
Dogs,/Dog145.svg,,,409,0,NULL
Dogs,/Dog146.svg,,,410,0,NULL
Dogs,/Dog147.svg,,,411,0,NULL
Dogs,/Dog148.svg,,,412,0,NULL
Dogs,/Dog149.svg,,,413,0,NULL
Dogs,/Dog15.svg,,,414,0,NULL
Dogs,/Dog150.svg,,,415,0,NULL
Dogs,/Dog151.svg,,,416,0,NULL
Dogs,/Dog152.svg,,,417,0,NULL
Dogs,/Dog153.svg,,,418,0,NULL
Dogs,/Dog154.svg,,,419,0,NULL
Dogs,/Dog155.svg,,,420,0,NULL
Dogs,/Dog156.svg,,,421,0,NULL
Dogs,/Dog157.svg,,,422,0,NULL
Dogs,/Dog158.svg,,,423,0,NULL
Dogs,/Dog159.svg,,,424,0,NULL
Dogs,/Dog16.svg,,,425,0,NULL
Dogs,/Dog160.svg,,,426,0,NULL
Dogs,/Dog161.svg,,,427,0,NULL
Dogs,/Dog162.svg,,,428,0,NULL
Dogs,/Dog163.svg,,,429,0,NULL
Dogs,/Dog164.svg,,,430,0,NULL
Dogs,/Dog165.svg,,,431,0,NULL
Dogs,/Dog166.svg,,,432,0,NULL
Dogs,/Dog167.svg,,,433,0,NULL
Dogs,/Dog168.svg,,,434,0,NULL
Dogs,/Dog169.svg,,,435,0,NULL
Dogs,/Dog17.svg,,,436,0,NULL
Dogs,/Dog170.svg,,,437,0,NULL
Dogs,/Dog171.svg,,,438,0,NULL
Dogs,/Dog172.svg,,,439,0,NULL
Dogs,/Dog173.svg,,,440,0,NULL
Dogs,/Dog174.svg,,,441,0,NULL
Dogs,/Dog175.svg,,,442,0,NULL
Dogs,/Dog176.svg,,,443,0,NULL
Dogs,/Dog177.svg,,,444,0,NULL
Dogs,/Dog178.svg,,,445,0,NULL
Dogs,/Dog179.svg,,,446,0,NULL
Dogs,/Dog18.svg,,,447,0,NULL
Dogs,/Dog180.svg,,,448,0,NULL
Dogs,/Dog181.svg,,,449,0,NULL
Dogs,/Dog182.svg,,,450,0,NULL
Dogs,/Dog183.svg,,,451,0,NULL
Dogs,/Dog184.svg,,,452,0,NULL
Dogs,/Dog185.svg,,,453,0,NULL
Dogs,/Dog186.svg,,,454,0,NULL
Dogs,/Dog187.svg,,,455,0,NULL
Dogs,/Dog188.svg,,,456,0,NULL
Dogs,/Dog189.svg,,,457,0,NULL
Dogs,/Dog19.svg,,,458,0,NULL
Dogs,/Dog190.svg,,,459,0,NULL
Dogs,/Dog191.svg,,,460,0,NULL
Dogs,/Dog192.svg,,,461,0,NULL
Dogs,/Dog193.svg,,,462,0,NULL
Dogs,/Dog194.svg,,,463,0,NULL
Dogs,/Dog195.svg,,,464,0,NULL
Dogs,/Dog196.svg,,,465,0,NULL
Dogs,/Dog197.svg,,,466,0,NULL
Dogs,/Dog198.svg,,,467,0,NULL
Dogs,/Dog199.svg,,,468,0,NULL
Dogs,/Dog2.svg,,,469,0,NULL
Dogs,/Dog20.svg,,,470,0,NULL
Dogs,/Dog200.svg,,,471,0,NULL
Dogs,/Dog201.svg,,,472,0,NULL
Dogs,/Dog202.svg,,,473,0,NULL
Dogs,/Dog203.svg,,,474,0,NULL
Dogs,/Dog204.svg,,,475,0,NULL
Dogs,/Dog205.svg,,,476,0,NULL
Dogs,/Dog206.svg,,,477,0,NULL
Dogs,/Dog207.svg,,,478,0,NULL
Dogs,/Dog208.svg,,,479,0,NULL
Dogs,/Dog209.svg,,,480,0,NULL
Dogs,/Dog21.svg,,,481,0,NULL
Dogs,/Dog210.svg,,,482,0,NULL
Dogs,/Dog211.svg,,,483,0,NULL
Dogs,/Dog212.svg,,,484,0,NULL
Dogs,/Dog213.svg,,,485,0,NULL
Dogs,/Dog214.svg,,,486,0,NULL
Dogs,/Dog215.svg,,,487,0,NULL
Dogs,/Dog216.svg,,,488,0,NULL
Dogs,/Dog217.svg,,,489,0,NULL
Dogs,/Dog218.svg,,,490,0,NULL
Dogs,/Dog219.svg,,,491,0,NULL
Dogs,/Dog22.svg,,,492,0,NULL
Dogs,/Dog220.svg,,,493,0,NULL
Dogs,/Dog221.svg,,,494,0,NULL
Dogs,/Dog222.svg,,,495,0,NULL
Dogs,/Dog223.svg,,,496,0,NULL
Dogs,/Dog224.svg,,,497,0,NULL
Dogs,/Dog225.svg,,,498,0,NULL
Dogs,/Dog226.svg,,,499,0,NULL
Dogs,/Dog227.svg,,,500,0,NULL
Dogs,/Dog228.svg,,,501,0,NULL
Dogs,/Dog229.svg,,,502,0,NULL
Dogs,/Dog23.svg,,,503,0,NULL
Dogs,/Dog230.svg,,,504,0,NULL
Dogs,/Dog231.svg,,,505,0,NULL
Dogs,/Dog232.svg,,,506,0,NULL
Dogs,/Dog233.svg,,,507,0,NULL
Dogs,/Dog234.svg,,,508,0,NULL
Dogs,/Dog235.svg,,,509,0,NULL
Dogs,/Dog236.svg,,,510,0,NULL
Dogs,/Dog237.svg,,,511,0,NULL
Dogs,/Dog24.svg,,,512,0,NULL
Dogs,/Dog25.svg,,,513,0,NULL
Dogs,/Dog26.svg,,,514,0,NULL
Dogs,/Dog27.svg,,,515,0,NULL
Dogs,/Dog28.svg,,,516,0,NULL
Dogs,/Dog29.svg,,,517,0,NULL
Dogs,/Dog3.svg,,,518,0,NULL
Dogs,/Dog30.svg,,,519,0,NULL
Dogs,/Dog31.svg,,,520,0,NULL
Dogs,/Dog32.svg,,,521,0,NULL
Dogs,/Dog33.svg,,,522,0,NULL
Dogs,/Dog34.svg,,,523,0,NULL
Dogs,/Dog35.svg,,,524,0,NULL
Dogs,/Dog36.svg,,,525,0,NULL
Dogs,/Dog37.svg,,,526,0,NULL
Dogs,/Dog38.svg,,,527,0,NULL
Dogs,/Dog39.svg,,,528,0,NULL
Dogs,/Dog4.svg,,,529,0,NULL
Dogs,/Dog40.svg,,,530,0,NULL
Dogs,/Dog41.svg,,,531,0,NULL
Dogs,/Dog42.svg,,,532,0,NULL
Dogs,/Dog43.svg,,,533,0,NULL
Dogs,/Dog44.svg,,,534,0,NULL
Dogs,/Dog45.svg,,,535,0,NULL
Dogs,/Dog46.svg,,,536,0,NULL
Dogs,/Dog48.svg,,,537,0,NULL
Dogs,/Dog5.svg,,,538,0,NULL
Dogs,/Dog50.svg,,,539,0,NULL
Dogs,/Dog52.svg,,,540,0,NULL
Dogs,/Dog55.svg,,,541,0,NULL
Dogs,/Dog56.svg,,,542,0,NULL
Dogs,/Dog57.svg,,,543,0,NULL
Dogs,/Dog58.svg,,,544,0,NULL
Dogs,/Dog59.svg,,,545,0,NULL
Dogs,/Dog6.svg,,,546,0,NULL
Dogs,/Dog60.svg,,,547,0,NULL
Dogs,/Dog61.svg,,,548,0,NULL
Dogs,/Dog62.svg,,,549,0,NULL
Dogs,/Dog63.svg,,,550,0,NULL
Dogs,/Dog64.svg,,,551,0,NULL
Dogs,/Dog65.svg,,,552,0,NULL
Dogs,/Dog66.svg,,,553,0,NULL
Dogs,/Dog67.svg,,,554,0,NULL
Dogs,/Dog68.svg,,,555,0,NULL
Dogs,/Dog69.svg,,,556,0,NULL
Dogs,/Dog7.svg,,,557,0,NULL
Dogs,/Dog70.svg,,,558,0,NULL
Dogs,/Dog71.svg,,,559,0,NULL
Dogs,/Dog72.svg,,,560,0,NULL
Dogs,/Dog73.svg,,,561,0,NULL
Dogs,/Dog74.svg,,,562,0,NULL
Dogs,/Dog75.svg,,,563,0,NULL
Dogs,/Dog76.svg,,,564,0,NULL
Dogs,/Dog77.svg,,,565,0,NULL
Dogs,/Dog78.svg,,,566,0,NULL
Dogs,/Dog79.svg,,,567,0,NULL
Dogs,/Dog8.svg,,,568,0,NULL
Dogs,/Dog80.svg,,,569,0,NULL
Dogs,/Dog81.svg,,,570,0,NULL
Dogs,/Dog82.svg,,,571,0,NULL
Dogs,/Dog83.svg,,,572,0,NULL
Dogs,/Dog84.svg,,,573,0,NULL
Dogs,/Dog85.svg,,,574,0,NULL
Dogs,/Dog86.svg,,,575,0,NULL
Dogs,/Dog87.svg,,,576,0,NULL
Dogs,/Dog88.svg,,,577,0,NULL
Dogs,/Dog89.svg,,,578,0,NULL
Dogs,/Dog9.svg,,,579,0,NULL
Dogs,/Dog90.svg,,,580,0,NULL
Dogs,/Dog91.svg,,,581,0,NULL
Dogs,/Dog92.svg,,,582,0,NULL
Dogs,/Dog93.svg,,,583,0,NULL
Dogs,/Dog94.svg,,,584,0,NULL
Dogs,/Dog95.svg,,,585,0,NULL
Dogs,/Dog96.svg,,,586,0,NULL
Dogs,/Dog97.svg,,,587,0,NULL
Dogs,/Dog98.svg,,,588,0,NULL
Dogs,/Dog99.svg,,,589,0,NULL
Drinks,/Drink1.svg,,,590,0,NULL
Drinks,/Drink10.svg,,,591,0,NULL
Drinks,/Drink11.svg,,,592,0,NULL
Drinks,/Drink13.svg,,,593,0,NULL
Drinks,/Drink15.svg,,,594,0,NULL
Drinks,/Drink2.svg,,,595,0,NULL
Drinks,/Drink5.svg,,,596,0,NULL
Eggs,/Egg102.svg,,,597,0,NULL
Eggs,/Egg103.svg,,,598,0,NULL
Eggs,/Egg104.svg,,,599,0,NULL
Eggs,/Egg105.svg,,,600,0,NULL
Eggs,/Egg106.svg,,,601,0,NULL
Eggs,/Egg13.svg,,,602,0,NULL
Eggs,/Egg14.svg,,,603,0,NULL
Eggs,/Egg15.svg,,,604,0,NULL
Eggs,/Egg16.svg,,,605,0,NULL
Eggs,/Egg17.svg,,,606,0,NULL
Eggs,/Egg18.svg,,,607,0,NULL
Eggs,/Egg19.svg,,,608,0,NULL
Eggs,/Egg20.svg,,,609,0,NULL
Eggs,/Egg21.svg,,,610,0,NULL
Eggs,/Egg22.svg,,,611,0,NULL
Eggs,/Egg23.svg,,,612,0,NULL
Eggs,/Egg24.svg,,,613,0,NULL
Eggs,/Egg25.svg,,,614,0,NULL
Eggs,/Egg26.svg,,,615,0,NULL
Eggs,/Egg27.svg,,,616,0,NULL
Eggs,/Egg28.svg,,,617,0,NULL
Eggs,/Egg29.svg,,,618,0,NULL
Eggs,/Egg30.svg,,,619,0,NULL
Eggs,/Egg31.svg,,,620,0,NULL
Eggs,/Egg32.svg,,,621,0,NULL
Eggs,/Egg33.svg,,,622,0,NULL
Eggs,/Egg34.svg,,,623,0,NULL
Eggs,/Egg35.svg,,,624,0,NULL
Eggs,/Egg39.svg,,,625,0,NULL
Eggs,/Egg40.svg,,,626,0,NULL
Eggs,/Egg42.svg,,,627,0,NULL
Eggs,/Egg43.svg,,,628,0,NULL
Eggs,/Egg44.svg,,,629,0,NULL
Eggs,/Egg45.svg,,,630,0,NULL
Eggs,/Egg46.svg,,,631,0,NULL
Eggs,/Egg47.svg,,,632,0,NULL
Eggs,/Egg48.svg,,,633,0,NULL
Eggs,/Egg49.svg,,,634,0,NULL
Eggs,/Egg50.svg,,,635,0,NULL
Eggs,/Egg51.svg,,,636,0,NULL
Eggs,/Egg52.svg,,,637,0,NULL
Eggs,/Egg53.svg,,,638,0,NULL
Eggs,/Egg73.svg,,,639,0,NULL
Eggs,/Egg74.svg,,,640,0,NULL
Eggs,/Egg75.svg,,,641,0,NULL
Eggs,/Egg76.svg,,,642,0,NULL
Eggs,/Egg77.svg,,,643,0,NULL
Eggs,/Egg78.svg,,,644,0,NULL
Eggs,/Egg79.svg,,,645,0,NULL
Eggs,/Egg80.svg,,,646,0,NULL
Eggs,/Egg81.svg,,,647,0,NULL
Eggs,/Egg82.svg,,,648,0,NULL
Eggs,/Egg83.svg,,,649,0,NULL
Eggs,/Egg84.svg,,,650,0,NULL
Eggs,/Egg85.svg,,,651,0,NULL
Eggs,/Egg86.svg,,,652,0,NULL
Eggs,/Egg87.svg,,,653,0,NULL
Eggs,/Egg88.svg,,,654,0,NULL
Eggs,/Egg89.svg,,,655,0,NULL
Eggs,/Egg90.svg,,,656,0,NULL
Eggs,/Egg91.svg,,,657,0,NULL
Eggs,/Egg92.svg,,,658,0,NULL
Eggs,/Egg93.svg,,,659,0,NULL
Eggs,/Egg94.svg,,,660,0,NULL
Eggs,/Egg95.svg,,,661,0,NULL
Eggs,/Egg96.svg,,,662,0,NULL
Eggs,/Egg97.svg,,,663,0,NULL
Eggs,/Egg98.svg,,,664,0,NULL
Eggs,/Egg99.svg,,,665,0,NULL
Eyes,/eye-1.svg,,,666,0,NULL
Eyes,/eye-10.svg,,,667,0,NULL
Eyes,/eye-11.svg,,,668,0,NULL
Eyes,/eye-12.svg,,,669,0,NULL
Eyes,/eye-14.svg,,,670,0,NULL
Eyes,/eye-15.svg,,,671,0,NULL
Eyes,/eye-16.svg,,,672,0,NULL
Eyes,/eye-17.svg,,,673,0,NULL
Eyes,/eye-18.svg,,,674,0,NULL
Eyes,/eye-19.svg,,,675,0,NULL
Eyes,/eye-2.svg,,,676,0,NULL
Eyes,/eye-20.svg,,,677,0,NULL
Eyes,/eye-21.svg,,,678,0,NULL
Eyes,/eye-22.svg,,,679,0,NULL
Eyes,/eye-23.svg,,,680,0,NULL
Eyes,/eye-24.svg,,,681,0,NULL
Eyes,/eye-25.svg,,,682,0,NULL
Eyes,/eye-26.svg,,,683,0,NULL
Eyes,/eye-27.svg,,,684,0,NULL
Eyes,/eye-28.svg,,,685,0,NULL
Eyes,/eye-29.svg,,,686,0,NULL
Eyes,/eye-30.svg,,,687,0,NULL
Eyes,/eye-31.svg,,,688,0,NULL
Eyes,/eye-32.svg,,,689,0,NULL
Eyes,/eye-33.svg,,,690,0,NULL
Eyes,/eye-34.svg,,,691,0,NULL
Eyes,/eye-35.svg,,,692,0,NULL
Eyes,/eye-37.svg,,,693,0,NULL
Eyes,/eye-5.svg,,,694,0,NULL
Eyes,/eye-7.svg,,,695,0,NULL
Eyes,/eye-8.svg,,,696,0,NULL
Feathers,/Feather1.svg,,,697,0,NULL
Feathers,/Feather10.svg,,,698,0,NULL
Feathers,/Feather11.svg,,,699,0,NULL
Feathers,/Feather12.svg,,,700,0,NULL
Feathers,/Feather13.svg,,,701,0,NULL
Feathers,/Feather14.svg,,,702,0,NULL
Feathers,/Feather15.svg,,,703,0,NULL
Feathers,/Feather16.svg,,,704,0,NULL
Feathers,/Feather17.svg,,,705,0,NULL
Feathers,/Feather18.svg,,,706,0,NULL
Feathers,/Feather19.svg,,,707,0,NULL
Feathers,/Feather2.svg,,,708,0,NULL
Feathers,/Feather20.svg,,,709,0,NULL
Feathers,/Feather21.svg,,,710,0,NULL
Feathers,/Feather22.svg,,,711,0,NULL
Feathers,/Feather23.svg,,,712,0,NULL
Feathers,/Feather24.svg,,,713,0,NULL
Feathers,/Feather25.svg,,,714,0,NULL
Feathers,/Feather26.svg,,,715,0,NULL
Feathers,/Feather27.svg,,,716,0,NULL
Feathers,/Feather28.svg,,,717,0,NULL
Feathers,/Feather29.svg,,,718,0,NULL
Feathers,/Feather3.svg,,,719,0,NULL
Feathers,/Feather30.svg,,,720,0,NULL
Feathers,/Feather31.svg,,,721,0,NULL
Feathers,/Feather4.svg,,,722,0,NULL
Feathers,/Feather5.svg,,,723,0,NULL
Feathers,/Feather6.svg,,,724,0,NULL
Feathers,/Feather7.svg,,,725,0,NULL
Feathers,/Feather8.svg,,,726,0,NULL
Feathers,/Feather9.svg,,,727,0,NULL
Flowers,/Flower10.svg,,,728,0,NULL
Flowers,/Flower11.svg,,,729,0,NULL
Flowers,/Flower12.svg,,,730,0,NULL
Flowers,/Flower13.svg,,,731,0,NULL
Flowers,/Flower14.svg,,,732,0,NULL
Flowers,/Flower3.svg,,,733,0,NULL
Flowers,/Flower4.svg,,,734,0,NULL
Flowers,/Flower5.svg,,,735,0,NULL
Flowers,/Flower6.svg,,,736,0,NULL
Flowers,/Flower7.svg,,,737,0,NULL
Flowers,/Flower8.svg,,,738,0,NULL
Flowers,/Flower9.svg,,,739,0,NULL
Forest,/Forest1.svg,,,740,0,NULL
Forest,/Forest10.svg,,,741,0,NULL
Forest,/Forest100.svg,,,742,0,NULL
Forest,/Forest101.svg,,,743,0,NULL
Forest,/Forest103.svg,,,744,0,NULL
Forest,/Forest104.svg,,,745,0,NULL
Forest,/Forest105.svg,,,746,0,NULL
Forest,/Forest11.svg,,,747,0,NULL
Forest,/Forest13.svg,,,748,0,NULL
Forest,/Forest14.svg,,,749,0,NULL
Forest,/Forest16.svg,,,750,0,NULL
Forest,/Forest17.svg,,,751,0,NULL
Forest,/Forest18.svg,,,752,0,NULL
Forest,/Forest19.svg,,,753,0,NULL
Forest,/Forest2.svg,,,754,0,NULL
Forest,/Forest21.svg,,,755,0,NULL
Forest,/Forest22.svg,,,756,0,NULL
Forest,/Forest23.svg,,,757,0,NULL
Forest,/Forest25.svg,,,758,0,NULL
Forest,/Forest26.svg,,,759,0,NULL
Forest,/Forest27.svg,,,760,0,NULL
Forest,/Forest29.svg,,,761,0,NULL
Forest,/Forest3.svg,,,762,0,NULL
Forest,/Forest30.svg,,,763,0,NULL
Forest,/Forest32.svg,,,764,0,NULL
Forest,/Forest33.svg,,,765,0,NULL
Forest,/Forest34.svg,,,766,0,NULL
Forest,/Forest35.svg,,,767,0,NULL
Forest,/Forest36.svg,,,768,0,NULL
Forest,/Forest37.svg,,,769,0,NULL
Forest,/Forest38.svg,,,770,0,NULL
Forest,/Forest39.svg,,,771,0,NULL
Forest,/Forest40.svg,,,772,0,NULL
Forest,/Forest41.svg,,,773,0,NULL
Forest,/Forest42.svg,,,774,0,NULL
Forest,/Forest43.svg,,,775,0,NULL
Forest,/Forest44.svg,,,776,0,NULL
Forest,/Forest46.svg,,,777,0,NULL
Forest,/Forest47.svg,,,778,0,NULL
Forest,/Forest48.svg,,,779,0,NULL
Forest,/Forest49.svg,,,780,0,NULL
Forest,/Forest5.svg,,,781,0,NULL
Forest,/Forest50.svg,,,782,0,NULL
Forest,/Forest51.svg,,,783,0,NULL
Forest,/Forest52.svg,,,784,0,NULL
Forest,/Forest56.svg,,,785,0,NULL
Forest,/Forest57.svg,,,786,0,NULL
Forest,/Forest58.svg,,,787,0,NULL
Forest,/Forest59.svg,,,788,0,NULL
Forest,/Forest6.svg,,,789,0,NULL
Forest,/Forest61.svg,,,790,0,NULL
Forest,/Forest62.svg,,,791,0,NULL
Forest,/Forest63.svg,,,792,0,NULL
Forest,/Forest64.svg,,,793,0,NULL
Forest,/Forest65.svg,,,794,0,NULL
Forest,/Forest7.svg,,,795,0,NULL
Forest,/Forest71.svg,,,796,0,NULL
Forest,/Forest73.svg,,,797,0,NULL
Forest,/Forest74.svg,,,798,0,NULL
Forest,/Forest75.svg,,,799,0,NULL
Forest,/Forest76.svg,,,800,0,NULL
Forest,/Forest77.svg,,,801,0,NULL
Forest,/Forest78.svg,,,802,0,NULL
Forest,/Forest79.svg,,,803,0,NULL
Forest,/Forest8.svg,,,804,0,NULL
Forest,/Forest80.svg,,,805,0,NULL
Forest,/Forest83.svg,,,806,0,NULL
Forest,/Forest85.svg,,,807,0,NULL
Forest,/Forest87.svg,,,808,0,NULL
Forest,/Forest90.svg,,,809,0,NULL
Forest,/Forest92.svg,,,810,0,NULL
Forest,/Forest94.svg,,,811,0,NULL
Forest,/Forest95.svg,,,812,0,NULL
Forest,/Forest96.svg,,,813,0,NULL
Forest,/Forest98.svg,,,814,0,NULL
Forest,/Forest99.svg,,,815,0,NULL
Hearts,/heart-1.svg,,,816,0,NULL
Hearts,/heart-10.svg,,,817,0,NULL
Hearts,/heart-11.svg,,,818,0,NULL
Hearts,/heart-12.svg,,,819,0,NULL
Hearts,/heart-13.svg,,,820,0,NULL
Hearts,/heart-14.svg,,,821,0,NULL
Hearts,/heart-15.svg,,,822,0,NULL
Hearts,/heart-16.svg,,,823,0,NULL
Hearts,/heart-17.svg,,,824,0,NULL
Hearts,/heart-18.svg,,,825,0,NULL
Hearts,/heart-19.svg,,,826,0,NULL
Hearts,/heart-2.svg,,,827,0,NULL
Hearts,/heart-20.svg,,,828,0,NULL
Hearts,/heart-21.svg,,,829,0,NULL
Hearts,/heart-22.svg,,,830,0,NULL
Hearts,/heart-23.svg,,,831,0,NULL
Hearts,/heart-24.svg,,,832,0,NULL
Hearts,/heart-25.svg,,,833,0,NULL
Hearts,/heart-26.svg,,,834,0,NULL
Hearts,/heart-27.svg,,,835,0,NULL
Hearts,/heart-28.svg,,,836,0,NULL
Hearts,/heart-29.svg,,,837,0,NULL
Hearts,/heart-3.svg,,,838,0,NULL
Hearts,/heart-30.svg,,,839,0,NULL
Hearts,/heart-31.svg,,,840,0,NULL
Hearts,/heart-32.svg,,,841,0,NULL
Hearts,/heart-33.svg,,,842,0,NULL
Hearts,/heart-34.svg,,,843,0,NULL
Hearts,/heart-35.svg,,,844,0,NULL
Hearts,/heart-36.svg,,,845,0,NULL
Hearts,/heart-37.svg,,,846,0,NULL
Hearts,/heart-38.svg,,,847,0,NULL
Hearts,/heart-39.svg,,,848,0,NULL
Hearts,/heart-4.svg,,,849,0,NULL
Hearts,/heart-40.svg,,,850,0,NULL
Hearts,/heart-41.svg,,,851,0,NULL
Hearts,/heart-42.svg,,,852,0,NULL
Hearts,/heart-43.svg,,,853,0,NULL
Hearts,/heart-44.svg,,,854,0,NULL
Hearts,/heart-45.svg,,,855,0,NULL
Hearts,/heart-5.svg,,,856,0,NULL
Hearts,/heart-54.svg,,,857,0,NULL
Hearts,/heart-55.svg,,,858,0,NULL
Hearts,/heart-57.svg,,,859,0,NULL
Hearts,/heart-58.svg,,,860,0,NULL
Hearts,/heart-59.svg,,,861,0,NULL
Hearts,/heart-6.svg,,,862,0,NULL
Hearts,/heart-60.svg,,,863,0,NULL
Hearts,/heart-61.svg,,,864,0,NULL
Hearts,/heart-62.svg,,,865,0,NULL
Hearts,/heart-63.svg,,,866,0,NULL
Hearts,/heart-64.svg,,,867,0,NULL
Hearts,/heart-65.svg,,,868,0,NULL
Hearts,/heart-66.svg,,,869,0,NULL
Hearts,/heart-67.svg,,,870,0,NULL
Hearts,/heart-68.svg,,,871,0,NULL
Hearts,/heart-69.svg,,,872,0,NULL
Hearts,/heart-7.svg,,,873,0,NULL
Hearts,/heart-70.svg,,,874,0,NULL
Hearts,/heart-72.svg,,,875,0,NULL
Hearts,/heart-73.svg,,,876,0,NULL
Hearts,/heart-74.svg,,,877,0,NULL
Hearts,/heart-75.svg,,,878,0,NULL
Hearts,/heart-77.svg,,,879,0,NULL
Hearts,/heart-78.svg,,,880,0,NULL
Hearts,/heart-79.svg,,,881,0,NULL
Hearts,/heart-8.svg,,,882,0,NULL
Hearts,/heart-80.svg,,,883,0,NULL
Hearts,/heart-9.svg,,,884,0,NULL
Hipster,/Hipster-1.svg,,,885,0,NULL
Hipster,/Hipster-10.svg,,,886,0,NULL
Hipster,/Hipster-100.svg,,,887,0,NULL
Hipster,/Hipster-101.svg,,,888,0,NULL
Hipster,/Hipster-102.svg,,,889,0,NULL
Hipster,/Hipster-103.svg,,,890,0,NULL
Hipster,/Hipster-104.svg,,,891,0,NULL
Hipster,/Hipster-105.svg,,,892,0,NULL
Hipster,/Hipster-106.svg,,,893,0,NULL
Hipster,/Hipster-107.svg,,,894,0,NULL
Hipster,/Hipster-108.svg,,,895,0,NULL
Hipster,/Hipster-109.svg,,,896,0,NULL
Hipster,/Hipster-11.svg,,,897,0,NULL
Hipster,/Hipster-110.svg,,,898,0,NULL
Hipster,/Hipster-111.svg,,,899,0,NULL
Hipster,/Hipster-112.svg,,,900,0,NULL
Hipster,/Hipster-113.svg,,,901,0,NULL
Hipster,/Hipster-114.svg,,,902,0,NULL
Hipster,/Hipster-115.svg,,,903,0,NULL
Hipster,/Hipster-116.svg,,,904,0,NULL
Hipster,/Hipster-117.svg,,,905,0,NULL
Hipster,/Hipster-118.svg,,,906,0,NULL
Hipster,/Hipster-119.svg,,,907,0,NULL
Hipster,/Hipster-12.svg,,,908,0,NULL
Hipster,/Hipster-120.svg,,,909,0,NULL
Hipster,/Hipster-121.svg,,,910,0,NULL
Hipster,/Hipster-122.svg,,,911,0,NULL
Hipster,/Hipster-123.svg,,,912,0,NULL
Hipster,/Hipster-124.svg,,,913,0,NULL
Hipster,/Hipster-125.svg,,,914,0,NULL
Hipster,/Hipster-126.svg,,,915,0,NULL
Hipster,/Hipster-127.svg,,,916,0,NULL
Hipster,/Hipster-128.svg,,,917,0,NULL
Hipster,/Hipster-129.svg,,,918,0,NULL
Hipster,/Hipster-13.svg,,,919,0,NULL
Hipster,/Hipster-130.svg,,,920,0,NULL
Hipster,/Hipster-131.svg,,,921,0,NULL
Hipster,/Hipster-132.svg,,,922,0,NULL
Hipster,/Hipster-133.svg,,,923,0,NULL
Hipster,/Hipster-134.svg,,,924,0,NULL
Hipster,/Hipster-135.svg,,,925,0,NULL
Hipster,/Hipster-136.svg,,,926,0,NULL
Hipster,/Hipster-137.svg,,,927,0,NULL
Hipster,/Hipster-138.svg,,,928,0,NULL
Hipster,/Hipster-139.svg,,,929,0,NULL
Hipster,/Hipster-14.svg,,,930,0,NULL
Hipster,/Hipster-140.svg,,,931,0,NULL
Hipster,/Hipster-141.svg,,,932,0,NULL
Hipster,/Hipster-142.svg,,,933,0,NULL
Hipster,/Hipster-143.svg,,,934,0,NULL
Hipster,/Hipster-144.svg,,,935,0,NULL
Hipster,/Hipster-145.svg,,,936,0,NULL
Hipster,/Hipster-146.svg,,,937,0,NULL
Hipster,/Hipster-147.svg,,,938,0,NULL
Hipster,/Hipster-148.svg,,,939,0,NULL
Hipster,/Hipster-149.svg,,,940,0,NULL
Hipster,/Hipster-15.svg,,,941,0,NULL
Hipster,/Hipster-150.svg,,,942,0,NULL
Hipster,/Hipster-151.svg,,,943,0,NULL
Hipster,/Hipster-152.svg,,,944,0,NULL
Hipster,/Hipster-16.svg,,,945,0,NULL
Hipster,/Hipster-17.svg,,,946,0,NULL
Hipster,/Hipster-18.svg,,,947,0,NULL
Hipster,/Hipster-19.svg,,,948,0,NULL
Hipster,/Hipster-2.svg,,,949,0,NULL
Hipster,/Hipster-20.svg,,,950,0,NULL
Hipster,/Hipster-21.svg,,,951,0,NULL
Hipster,/Hipster-22.svg,,,952,0,NULL
Hipster,/Hipster-23.svg,,,953,0,NULL
Hipster,/Hipster-24.svg,,,954,0,NULL
Hipster,/Hipster-25.svg,,,955,0,NULL
Hipster,/Hipster-26.svg,,,956,0,NULL
Hipster,/Hipster-27.svg,,,957,0,NULL
Hipster,/Hipster-28.svg,,,958,0,NULL
Hipster,/Hipster-29.svg,,,959,0,NULL
Hipster,/Hipster-3.svg,,,960,0,NULL
Hipster,/Hipster-30.svg,,,961,0,NULL
Hipster,/Hipster-31.svg,,,962,0,NULL
Hipster,/Hipster-32.svg,,,963,0,NULL
Hipster,/Hipster-33.svg,,,964,0,NULL
Hipster,/Hipster-34.svg,,,965,0,NULL
Hipster,/Hipster-35.svg,,,966,0,NULL
Hipster,/Hipster-36.svg,,,967,0,NULL
Hipster,/Hipster-37.svg,,,968,0,NULL
Hipster,/Hipster-38.svg,,,969,0,NULL
Hipster,/Hipster-39.svg,,,970,0,NULL
Hipster,/Hipster-4.svg,,,971,0,NULL
Hipster,/Hipster-40.svg,,,972,0,NULL
Hipster,/Hipster-41.svg,,,973,0,NULL
Hipster,/Hipster-42.svg,,,974,0,NULL
Hipster,/Hipster-43.svg,,,975,0,NULL
Hipster,/Hipster-44.svg,,,976,0,NULL
Hipster,/Hipster-45.svg,,,977,0,NULL
Hipster,/Hipster-46.svg,,,978,0,NULL
Hipster,/Hipster-47.svg,,,979,0,NULL
Hipster,/Hipster-48.svg,,,980,0,NULL
Hipster,/Hipster-49.svg,,,981,0,NULL
Hipster,/Hipster-5.svg,,,982,0,NULL
Hipster,/Hipster-50.svg,,,983,0,NULL
Hipster,/Hipster-51.svg,,,984,0,NULL
Hipster,/Hipster-52.svg,,,985,0,NULL
Hipster,/Hipster-53.svg,,,986,0,NULL
Hipster,/Hipster-54.svg,,,987,0,NULL
Hipster,/Hipster-55.svg,,,988,0,NULL
Hipster,/Hipster-56.svg,,,989,0,NULL
Hipster,/Hipster-57.svg,,,990,0,NULL
Hipster,/Hipster-58.svg,,,991,0,NULL
Hipster,/Hipster-59.svg,,,992,0,NULL
Hipster,/Hipster-6.svg,,,993,0,NULL
Hipster,/Hipster-60.svg,,,994,0,NULL
Hipster,/Hipster-61.svg,,,995,0,NULL
Hipster,/Hipster-62.svg,,,996,0,NULL
Hipster,/Hipster-63.svg,,,997,0,NULL
Hipster,/Hipster-64.svg,,,998,0,NULL
Hipster,/Hipster-65.svg,,,999,0,NULL
Hipster,/Hipster-66.svg,,,1000,0,NULL
Hipster,/Hipster-67.svg,,,1001,0,NULL
Hipster,/Hipster-68.svg,,,1002,0,NULL
Hipster,/Hipster-69.svg,,,1003,0,NULL
Hipster,/Hipster-7.svg,,,1004,0,NULL
Hipster,/Hipster-70.svg,,,1005,0,NULL
Hipster,/Hipster-71.svg,,,1006,0,NULL
Hipster,/Hipster-72.svg,,,1007,0,NULL
Hipster,/Hipster-73.svg,,,1008,0,NULL
Hipster,/Hipster-74.svg,,,1009,0,NULL
Hipster,/Hipster-75.svg,,,1010,0,NULL
Hipster,/Hipster-76.svg,,,1011,0,NULL
Hipster,/Hipster-77.svg,,,1012,0,NULL
Hipster,/Hipster-78.svg,,,1013,0,NULL
Hipster,/Hipster-79.svg,,,1014,0,NULL
Hipster,/Hipster-8.svg,,,1015,0,NULL
Hipster,/Hipster-80.svg,,,1016,0,NULL
Hipster,/Hipster-81.svg,,,1017,0,NULL
Hipster,/Hipster-82.svg,,,1018,0,NULL
Hipster,/Hipster-83.svg,,,1019,0,NULL
Hipster,/Hipster-84.svg,,,1020,0,NULL
Hipster,/Hipster-85.svg,,,1021,0,NULL
Hipster,/Hipster-86.svg,,,1022,0,NULL
Hipster,/Hipster-87.svg,,,1023,0,NULL
Hipster,/Hipster-88.svg,,,1024,0,NULL
Hipster,/Hipster-89.svg,,,1025,0,NULL
Hipster,/Hipster-9.svg,,,1026,0,NULL
Hipster,/Hipster-90.svg,,,1027,0,NULL
Hipster,/Hipster-91.svg,,,1028,0,NULL
Hipster,/Hipster-92.svg,,,1029,0,NULL
Hipster,/Hipster-93.svg,,,1030,0,NULL
Hipster,/Hipster-94.svg,,,1031,0,NULL
Hipster,/Hipster-95.svg,,,1032,0,NULL
Hipster,/Hipster-96.svg,,,1033,0,NULL
Hipster,/Hipster-97.svg,,,1034,0,NULL
Hipster,/Hipster-98.svg,,,1035,0,NULL
Hipster,/Hipster-99.svg,,,1036,0,NULL
Lions,/Lion1.svg,,,1037,0,NULL
Lions,/Lion10.svg,,,1038,0,NULL
Lions,/Lion11.svg,,,1039,0,NULL
Lions,/Lion12.svg,,,1040,0,NULL
Lions,/Lion13.svg,,,1041,0,NULL
Lions,/Lion14.svg,,,1042,0,NULL
Lions,/Lion15.svg,,,1043,0,NULL
Lions,/Lion2.svg,,,1044,0,NULL
Lions,/Lion23.svg,,,1045,0,NULL
Lions,/Lion3.svg,,,1046,0,NULL
Lions,/Lion34.svg,,,1047,0,NULL
Lions,/Lion4.svg,,,1048,0,NULL
Lions,/Lion45.svg,,,1049,0,NULL
Lions,/Lion5.svg,,,1050,0,NULL
Lions,/Lion54.svg,,,1051,0,NULL
Lions,/Lion55.svg,,,1052,0,NULL
Lions,/Lion56.svg,,,1053,0,NULL
Lions,/Lion57.svg,,,1054,0,NULL
Lions,/Lion58.svg,,,1055,0,NULL
Lions,/Lion59.svg,,,1056,0,NULL
Lions,/Lion6.svg,,,1057,0,NULL
Lions,/Lion60.svg,,,1058,0,NULL
Lions,/Lion61.svg,,,1059,0,NULL
Lions,/Lion62.svg,,,1060,0,NULL
Lions,/Lion63.svg,,,1061,0,NULL
Lions,/Lion64.svg,,,1062,0,NULL
Lions,/Lion65.svg,,,1063,0,NULL
Lions,/Lion7.svg,,,1064,0,NULL
Lions,/Lion8.svg,,,1065,0,NULL
Lions,/Lion9.svg,,,1066,0,NULL
Mechanics,/Mechanic1.svg,,,1067,0,NULL
Mechanics,/Mechanic10.svg,,,1068,0,NULL
Mechanics,/Mechanic100.svg,,,1069,0,NULL
Mechanics,/Mechanic101.svg,,,1070,0,NULL
Mechanics,/Mechanic102.svg,,,1071,0,NULL
Mechanics,/Mechanic103.svg,,,1072,0,NULL
Mechanics,/Mechanic104.svg,,,1073,0,NULL
Mechanics,/Mechanic105.svg,,,1074,0,NULL
Mechanics,/Mechanic106.svg,,,1075,0,NULL
Mechanics,/Mechanic107.svg,,,1076,0,NULL
Mechanics,/Mechanic108.svg,,,1077,0,NULL
Mechanics,/Mechanic11.svg,,,1078,0,NULL
Mechanics,/Mechanic110.svg,,,1079,0,NULL
Mechanics,/Mechanic111.svg,,,1080,0,NULL
Mechanics,/Mechanic112.svg,,,1081,0,NULL
Mechanics,/Mechanic115.svg,,,1082,0,NULL
Mechanics,/Mechanic116.svg,,,1083,0,NULL
Mechanics,/Mechanic118.svg,,,1084,0,NULL
Mechanics,/Mechanic12.svg,,,1085,0,NULL
Mechanics,/Mechanic120.svg,,,1086,0,NULL
Mechanics,/Mechanic122.svg,,,1087,0,NULL
Mechanics,/Mechanic123.svg,,,1088,0,NULL
Mechanics,/Mechanic125.svg,,,1089,0,NULL
Mechanics,/Mechanic126.svg,,,1090,0,NULL
Mechanics,/Mechanic127.svg,,,1091,0,NULL
Mechanics,/Mechanic128.svg,,,1092,0,NULL
Mechanics,/Mechanic129.svg,,,1093,0,NULL
Mechanics,/Mechanic13.svg,,,1094,0,NULL
Mechanics,/Mechanic130.svg,,,1095,0,NULL
Mechanics,/Mechanic131.svg,,,1096,0,NULL
Mechanics,/Mechanic133.svg,,,1097,0,NULL
Mechanics,/Mechanic134.svg,,,1098,0,NULL
Mechanics,/Mechanic14.svg,,,1099,0,NULL
Mechanics,/Mechanic147.svg,,,1100,0,NULL
Mechanics,/Mechanic148.svg,,,1101,0,NULL
Mechanics,/Mechanic15.svg,,,1102,0,NULL
Mechanics,/Mechanic153.svg,,,1103,0,NULL
Mechanics,/Mechanic154.svg,,,1104,0,NULL
Mechanics,/Mechanic155.svg,,,1105,0,NULL
Mechanics,/Mechanic156.svg,,,1106,0,NULL
Mechanics,/Mechanic157.svg,,,1107,0,NULL
Mechanics,/Mechanic158.svg,,,1108,0,NULL
Mechanics,/Mechanic159.svg,,,1109,0,NULL
Mechanics,/Mechanic16.svg,,,1110,0,NULL
Mechanics,/Mechanic160.svg,,,1111,0,NULL
Mechanics,/Mechanic161.svg,,,1112,0,NULL
Mechanics,/Mechanic162.svg,,,1113,0,NULL
Mechanics,/Mechanic163.svg,,,1114,0,NULL
Mechanics,/Mechanic164.svg,,,1115,0,NULL
Mechanics,/Mechanic165.svg,,,1116,0,NULL
Mechanics,/Mechanic166.svg,,,1117,0,NULL
Mechanics,/Mechanic167.svg,,,1118,0,NULL
Mechanics,/Mechanic168.svg,,,1119,0,NULL
Mechanics,/Mechanic169.svg,,,1120,0,NULL
Mechanics,/Mechanic17.svg,,,1121,0,NULL
Mechanics,/Mechanic170.svg,,,1122,0,NULL
Mechanics,/Mechanic171.svg,,,1123,0,NULL
Mechanics,/Mechanic172.svg,,,1124,0,NULL
Mechanics,/Mechanic173.svg,,,1125,0,NULL
Mechanics,/Mechanic174.svg,,,1126,0,NULL
Mechanics,/Mechanic175.svg,,,1127,0,NULL
Mechanics,/Mechanic176.svg,,,1128,0,NULL
Mechanics,/Mechanic177.svg,,,1129,0,NULL
Mechanics,/Mechanic178.svg,,,1130,0,NULL
Mechanics,/Mechanic179.svg,,,1131,0,NULL
Mechanics,/Mechanic18.svg,,,1132,0,NULL
Mechanics,/Mechanic180.svg,,,1133,0,NULL
Mechanics,/Mechanic181.svg,,,1134,0,NULL
Mechanics,/Mechanic182.svg,,,1135,0,NULL
Mechanics,/Mechanic183.svg,,,1136,0,NULL
Mechanics,/Mechanic19.svg,,,1137,0,NULL
Mechanics,/Mechanic197.svg,,,1138,0,NULL
Mechanics,/Mechanic198.svg,,,1139,0,NULL
Mechanics,/Mechanic199.svg,,,1140,0,NULL
Mechanics,/Mechanic2.svg,,,1141,0,NULL
Mechanics,/Mechanic20.svg,,,1142,0,NULL
Mechanics,/Mechanic200.svg,,,1143,0,NULL
Mechanics,/Mechanic201.svg,,,1144,0,NULL
Mechanics,/Mechanic202.svg,,,1145,0,NULL
Mechanics,/Mechanic203.svg,,,1146,0,NULL
Mechanics,/Mechanic204.svg,,,1147,0,NULL
Mechanics,/Mechanic205.svg,,,1148,0,NULL
Mechanics,/Mechanic206.svg,,,1149,0,NULL
Mechanics,/Mechanic207.svg,,,1150,0,NULL
Mechanics,/Mechanic208.svg,,,1151,0,NULL
Mechanics,/Mechanic209.svg,,,1152,0,NULL
Mechanics,/Mechanic21.svg,,,1153,0,NULL
Mechanics,/Mechanic210.svg,,,1154,0,NULL
Mechanics,/Mechanic211.svg,,,1155,0,NULL
Mechanics,/Mechanic212.svg,,,1156,0,NULL
Mechanics,/Mechanic213.svg,,,1157,0,NULL
Mechanics,/Mechanic214.svg,,,1158,0,NULL
Mechanics,/Mechanic215.svg,,,1159,0,NULL
Mechanics,/Mechanic216.svg,,,1160,0,NULL
Mechanics,/Mechanic217.svg,,,1161,0,NULL
Mechanics,/Mechanic218.svg,,,1162,0,NULL
Mechanics,/Mechanic219.svg,,,1163,0,NULL
Mechanics,/Mechanic22.svg,,,1164,0,NULL
Mechanics,/Mechanic220.svg,,,1165,0,NULL
Mechanics,/Mechanic221.svg,,,1166,0,NULL
Mechanics,/Mechanic222.svg,,,1167,0,NULL
Mechanics,/Mechanic223.svg,,,1168,0,NULL
Mechanics,/Mechanic224.svg,,,1169,0,NULL
Mechanics,/Mechanic225.svg,,,1170,0,NULL
Mechanics,/Mechanic226.svg,,,1171,0,NULL
Mechanics,/Mechanic227.svg,,,1172,0,NULL
Mechanics,/Mechanic228.svg,,,1173,0,NULL
Mechanics,/Mechanic229.svg,,,1174,0,NULL
Mechanics,/Mechanic23.svg,,,1175,0,NULL
Mechanics,/Mechanic230.svg,,,1176,0,NULL
Mechanics,/Mechanic231.svg,,,1177,0,NULL
Mechanics,/Mechanic232.svg,,,1178,0,NULL
Mechanics,/Mechanic233.svg,,,1179,0,NULL
Mechanics,/Mechanic234.svg,,,1180,0,NULL
Mechanics,/Mechanic236.svg,,,1181,0,NULL
Mechanics,/Mechanic237.svg,,,1182,0,NULL
Mechanics,/Mechanic238.svg,,,1183,0,NULL
Mechanics,/Mechanic24.svg,,,1184,0,NULL
Mechanics,/Mechanic241.svg,,,1185,0,NULL
Mechanics,/Mechanic242.svg,,,1186,0,NULL
Mechanics,/Mechanic243.svg,,,1187,0,NULL
Mechanics,/Mechanic244.svg,,,1188,0,NULL
Mechanics,/Mechanic245.svg,,,1189,0,NULL
Mechanics,/Mechanic246.svg,,,1190,0,NULL
Mechanics,/Mechanic247.svg,,,1191,0,NULL
Mechanics,/Mechanic248.svg,,,1192,0,NULL
Mechanics,/Mechanic249.svg,,,1193,0,NULL
Mechanics,/Mechanic25.svg,,,1194,0,NULL
Mechanics,/Mechanic250.svg,,,1195,0,NULL
Mechanics,/Mechanic251.svg,,,1196,0,NULL
Mechanics,/Mechanic252.svg,,,1197,0,NULL
Mechanics,/Mechanic253.svg,,,1198,0,NULL
Mechanics,/Mechanic254.svg,,,1199,0,NULL
Mechanics,/Mechanic255.svg,,,1200,0,NULL
Mechanics,/Mechanic256.svg,,,1201,0,NULL
Mechanics,/Mechanic257.svg,,,1202,0,NULL
Mechanics,/Mechanic258.svg,,,1203,0,NULL
Mechanics,/Mechanic259.svg,,,1204,0,NULL
Mechanics,/Mechanic26.svg,,,1205,0,NULL
Mechanics,/Mechanic260.svg,,,1206,0,NULL
Mechanics,/Mechanic261.svg,,,1207,0,NULL
Mechanics,/Mechanic262.svg,,,1208,0,NULL
Mechanics,/Mechanic263.svg,,,1209,0,NULL
Mechanics,/Mechanic264.svg,,,1210,0,NULL
Mechanics,/Mechanic265.svg,,,1211,0,NULL
Mechanics,/Mechanic266.svg,,,1212,0,NULL
Mechanics,/Mechanic267.svg,,,1213,0,NULL
Mechanics,/Mechanic268.svg,,,1214,0,NULL
Mechanics,/Mechanic269.svg,,,1215,0,NULL
Mechanics,/Mechanic27.svg,,,1216,0,NULL
Mechanics,/Mechanic270.svg,,,1217,0,NULL
Mechanics,/Mechanic271.svg,,,1218,0,NULL
Mechanics,/Mechanic272.svg,,,1219,0,NULL
Mechanics,/Mechanic273.svg,,,1220,0,NULL
Mechanics,/Mechanic28.svg,,,1221,0,NULL
Mechanics,/Mechanic29.svg,,,1222,0,NULL
Mechanics,/Mechanic3.svg,,,1223,0,NULL
Mechanics,/Mechanic30.svg,,,1224,0,NULL
Mechanics,/Mechanic31.svg,,,1225,0,NULL
Mechanics,/Mechanic32.svg,,,1226,0,NULL
Mechanics,/Mechanic39.svg,,,1227,0,NULL
Mechanics,/Mechanic4.svg,,,1228,0,NULL
Mechanics,/Mechanic40.svg,,,1229,0,NULL
Mechanics,/Mechanic42.svg,,,1230,0,NULL
Mechanics,/Mechanic43.svg,,,1231,0,NULL
Mechanics,/Mechanic44.svg,,,1232,0,NULL
Mechanics,/Mechanic45.svg,,,1233,0,NULL
Mechanics,/Mechanic46.svg,,,1234,0,NULL
Mechanics,/Mechanic47.svg,,,1235,0,NULL
Mechanics,/Mechanic48.svg,,,1236,0,NULL
Mechanics,/Mechanic49.svg,,,1237,0,NULL
Mechanics,/Mechanic5.svg,,,1238,0,NULL
Mechanics,/Mechanic50.svg,,,1239,0,NULL
Mechanics,/Mechanic51.svg,,,1240,0,NULL
Mechanics,/Mechanic52.svg,,,1241,0,NULL
Mechanics,/Mechanic53.svg,,,1242,0,NULL
Mechanics,/Mechanic54.svg,,,1243,0,NULL
Mechanics,/Mechanic55.svg,,,1244,0,NULL
Mechanics,/Mechanic56.svg,,,1245,0,NULL
Mechanics,/Mechanic57.svg,,,1246,0,NULL
Mechanics,/Mechanic58.svg,,,1247,0,NULL
Mechanics,/Mechanic59.svg,,,1248,0,NULL
Mechanics,/Mechanic6.svg,,,1249,0,NULL
Mechanics,/Mechanic61.svg,,,1250,0,NULL
Mechanics,/Mechanic62.svg,,,1251,0,NULL
Mechanics,/Mechanic63.svg,,,1252,0,NULL
Mechanics,/Mechanic65.svg,,,1253,0,NULL
Mechanics,/Mechanic66.svg,,,1254,0,NULL
Mechanics,/Mechanic67.svg,,,1255,0,NULL
Mechanics,/Mechanic68.svg,,,1256,0,NULL
Mechanics,/Mechanic7.svg,,,1257,0,NULL
Mechanics,/Mechanic70.svg,,,1258,0,NULL
Mechanics,/Mechanic73.svg,,,1259,0,NULL
Mechanics,/Mechanic74.svg,,,1260,0,NULL
Mechanics,/Mechanic75.svg,,,1261,0,NULL
Mechanics,/Mechanic76.svg,,,1262,0,NULL
Mechanics,/Mechanic77.svg,,,1263,0,NULL
Mechanics,/Mechanic78.svg,,,1264,0,NULL
Mechanics,/Mechanic8.svg,,,1265,0,NULL
Mechanics,/Mechanic81.svg,,,1266,0,NULL
Mechanics,/Mechanic82.svg,,,1267,0,NULL
Mechanics,/Mechanic83.svg,,,1268,0,NULL
Mechanics,/Mechanic85.svg,,,1269,0,NULL
Mechanics,/Mechanic86.svg,,,1270,0,NULL
Mechanics,/Mechanic87.svg,,,1271,0,NULL
Mechanics,/Mechanic89.svg,,,1272,0,NULL
Mechanics,/Mechanic9.svg,,,1273,0,NULL
Mechanics,/Mechanic91.svg,,,1274,0,NULL
Mechanics,/Mechanic92.svg,,,1275,0,NULL
Mechanics,/Mechanic93.svg,,,1276,0,NULL
Mechanics,/Mechanic94.svg,,,1277,0,NULL
Mechanics,/Mechanic95.svg,,,1278,0,NULL
Mechanics,/Mechanic96.svg,,,1279,0,NULL
Mechanics,/Mechanic97.svg,,,1280,0,NULL
Mechanics,/Mechanic98.svg,,,1281,0,NULL
Medical ,/medical -1.svg,,,1282,0,NULL
Medical ,/medical-10.svg,,,1283,0,NULL
Medical ,/medical-100.svg,,,1284,0,NULL
Medical ,/medical-101.svg,,,1285,0,NULL
Medical ,/medical-102.svg,,,1286,0,NULL
Medical ,/medical-103.svg,,,1287,0,NULL
Medical ,/medical-104.svg,,,1288,0,NULL
Medical ,/medical-105.svg,,,1289,0,NULL
Medical ,/medical-106.svg,,,1290,0,NULL
Medical ,/medical-107.svg,,,1291,0,NULL
Medical ,/medical-108.svg,,,1292,0,NULL
Medical ,/medical-109.svg,,,1293,0,NULL
Medical ,/medical-11.svg,,,1294,0,NULL
Medical ,/medical-110.svg,,,1295,0,NULL
Medical ,/medical-111.svg,,,1296,0,NULL
Medical ,/medical-112.svg,,,1297,0,NULL
Medical ,/medical-113.svg,,,1298,0,NULL
Medical ,/medical-114.svg,,,1299,0,NULL
Medical ,/medical-115.svg,,,1300,0,NULL
Medical ,/medical-116.svg,,,1301,0,NULL
Medical ,/medical-118.svg,,,1302,0,NULL
Medical ,/medical-119.svg,,,1303,0,NULL
Medical ,/medical-12.svg,,,1304,0,NULL
Medical ,/medical-120.svg,,,1305,0,NULL
Medical ,/medical-121.svg,,,1306,0,NULL
Medical ,/medical-122.svg,,,1307,0,NULL
Medical ,/medical-123.svg,,,1308,0,NULL
Medical ,/medical-124.svg,,,1309,0,NULL
Medical ,/medical-125.svg,,,1310,0,NULL
Medical ,/medical-126.svg,,,1311,0,NULL
Medical ,/medical-127.svg,,,1312,0,NULL
Medical ,/medical-128.svg,,,1313,0,NULL
Medical ,/medical-129.svg,,,1314,0,NULL
Medical ,/medical-13.svg,,,1315,0,NULL
Medical ,/medical-130.svg,,,1316,0,NULL
Medical ,/medical-131.svg,,,1317,0,NULL
Medical ,/medical-132.svg,,,1318,0,NULL
Medical ,/medical-133.svg,,,1319,0,NULL
Medical ,/medical-134.svg,,,1320,0,NULL
Medical ,/medical-135.svg,,,1321,0,NULL
Medical ,/medical-136.svg,,,1322,0,NULL
Medical ,/medical-137.svg,,,1323,0,NULL
Medical ,/medical-138.svg,,,1324,0,NULL
Medical ,/medical-139.svg,,,1325,0,NULL
Medical ,/medical-14.svg,,,1326,0,NULL
Medical ,/medical-140.svg,,,1327,0,NULL
Medical ,/medical-141.svg,,,1328,0,NULL
Medical ,/medical-142.svg,,,1329,0,NULL
Medical ,/medical-143.svg,,,1330,0,NULL
Medical ,/medical-144.svg,,,1331,0,NULL
Medical ,/medical-145.svg,,,1332,0,NULL
Medical ,/medical-146.svg,,,1333,0,NULL
Medical ,/medical-147.svg,,,1334,0,NULL
Medical ,/medical-148.svg,,,1335,0,NULL
Medical ,/medical-149.svg,,,1336,0,NULL
Medical ,/medical-15.svg,,,1337,0,NULL
Medical ,/medical-150.svg,,,1338,0,NULL
Medical ,/medical-151.svg,,,1339,0,NULL
Medical ,/medical-152.svg,,,1340,0,NULL
Medical ,/medical-153.svg,,,1341,0,NULL
Medical ,/medical-154.svg,,,1342,0,NULL
Medical ,/medical-155.svg,,,1343,0,NULL
Medical ,/medical-156.svg,,,1344,0,NULL
Medical ,/medical-157.svg,,,1345,0,NULL
Medical ,/medical-158.svg,,,1346,0,NULL
Medical ,/medical-159.svg,,,1347,0,NULL
Medical ,/medical-16.svg,,,1348,0,NULL
Medical ,/medical-161.svg,,,1349,0,NULL
Medical ,/medical-162.svg,,,1350,0,NULL
Medical ,/medical-163.svg,,,1351,0,NULL
Medical ,/medical-164.svg,,,1352,0,NULL
Medical ,/medical-165.svg,,,1353,0,NULL
Medical ,/medical-166.svg,,,1354,0,NULL
Medical ,/medical-167.svg,,,1355,0,NULL
Medical ,/medical-169.svg,,,1356,0,NULL
Medical ,/medical-17.svg,,,1357,0,NULL
Medical ,/medical-170.svg,,,1358,0,NULL
Medical ,/medical-171.svg,,,1359,0,NULL
Medical ,/medical-172.svg,,,1360,0,NULL
Medical ,/medical-174.svg,,,1361,0,NULL
Medical ,/medical-175.svg,,,1362,0,NULL
Medical ,/medical-176.svg,,,1363,0,NULL
Medical ,/medical-177.svg,,,1364,0,NULL
Medical ,/medical-178.svg,,,1365,0,NULL
Medical ,/medical-179.svg,,,1366,0,NULL
Medical ,/medical-18.svg,,,1367,0,NULL
Medical ,/medical-180.svg,,,1368,0,NULL
Medical ,/medical-181.svg,,,1369,0,NULL
Medical ,/medical-182.svg,,,1370,0,NULL
Medical ,/medical-183.svg,,,1371,0,NULL
Medical ,/medical-184.svg,,,1372,0,NULL
Medical ,/medical-185.svg,,,1373,0,NULL
Medical ,/medical-186.svg,,,1374,0,NULL
Medical ,/medical-187.svg,,,1375,0,NULL
Medical ,/medical-188.svg,,,1376,0,NULL
Medical ,/medical-189.svg,,,1377,0,NULL
Medical ,/medical-19.svg,,,1378,0,NULL
Medical ,/medical-190.svg,,,1379,0,NULL
Medical ,/medical-191.svg,,,1380,0,NULL
Medical ,/medical-192.svg,,,1381,0,NULL
Medical ,/medical-193.svg,,,1382,0,NULL
Medical ,/medical-194.svg,,,1383,0,NULL
Medical ,/medical-195.svg,,,1384,0,NULL
Medical ,/medical-196.svg,,,1385,0,NULL
Medical ,/medical-197.svg,,,1386,0,NULL
Medical ,/medical-198.svg,,,1387,0,NULL
Medical ,/medical-199.svg,,,1388,0,NULL
Medical ,/medical-2.svg,,,1389,0,NULL
Medical ,/medical-20.svg,,,1390,0,NULL
Medical ,/medical-200.svg,,,1391,0,NULL
Medical ,/medical-201.svg,,,1392,0,NULL
Medical ,/medical-202.svg,,,1393,0,NULL
Medical ,/medical-203.svg,,,1394,0,NULL
Medical ,/medical-204.svg,,,1395,0,NULL
Medical ,/medical-205.svg,,,1396,0,NULL
Medical ,/medical-206.svg,,,1397,0,NULL
Medical ,/medical-207.svg,,,1398,0,NULL
Medical ,/medical-208.svg,,,1399,0,NULL
Medical ,/medical-209.svg,,,1400,0,NULL
Medical ,/medical-21.svg,,,1401,0,NULL
Medical ,/medical-210.svg,,,1402,0,NULL
Medical ,/medical-211.svg,,,1403,0,NULL
Medical ,/medical-212.svg,,,1404,0,NULL
Medical ,/medical-213.svg,,,1405,0,NULL
Medical ,/medical-214.svg,,,1406,0,NULL
Medical ,/medical-215.svg,,,1407,0,NULL
Medical ,/medical-216.svg,,,1408,0,NULL
Medical ,/medical-217.svg,,,1409,0,NULL
Medical ,/medical-218.svg,,,1410,0,NULL
Medical ,/medical-219.svg,,,1411,0,NULL
Medical ,/medical-22.svg,,,1412,0,NULL
Medical ,/medical-220.svg,,,1413,0,NULL
Medical ,/medical-221.svg,,,1414,0,NULL
Medical ,/medical-222.svg,,,1415,0,NULL
Medical ,/medical-223.svg,,,1416,0,NULL
Medical ,/medical-224.svg,,,1417,0,NULL
Medical ,/medical-225.svg,,,1418,0,NULL
Medical ,/medical-226.svg,,,1419,0,NULL
Medical ,/medical-227.svg,,,1420,0,NULL
Medical ,/medical-229.svg,,,1421,0,NULL
Medical ,/medical-23.svg,,,1422,0,NULL
Medical ,/medical-230.svg,,,1423,0,NULL
Medical ,/medical-231.svg,,,1424,0,NULL
Medical ,/medical-232.svg,,,1425,0,NULL
Medical ,/medical-24.svg,,,1426,0,NULL
Medical ,/medical-25.svg,,,1427,0,NULL
Medical ,/medical-26.svg,,,1428,0,NULL
Medical ,/medical-27.svg,,,1429,0,NULL
Medical ,/medical-28.svg,,,1430,0,NULL
Medical ,/medical-29.svg,,,1431,0,NULL
Medical ,/medical-3.svg,,,1432,0,NULL
Medical ,/medical-30.svg,,,1433,0,NULL
Medical ,/medical-31.svg,,,1434,0,NULL
Medical ,/medical-32.svg,,,1435,0,NULL
Medical ,/medical-33.svg,,,1436,0,NULL
Medical ,/medical-34.svg,,,1437,0,NULL
Medical ,/medical-35.svg,,,1438,0,NULL
Medical ,/medical-36.svg,,,1439,0,NULL
Medical ,/medical-37.svg,,,1440,0,NULL
Medical ,/medical-38.svg,,,1441,0,NULL
Medical ,/medical-39.svg,,,1442,0,NULL
Medical ,/medical-4.svg,,,1443,0,NULL
Medical ,/medical-40.svg,,,1444,0,NULL
Medical ,/medical-41.svg,,,1445,0,NULL
Medical ,/medical-42.svg,,,1446,0,NULL
Medical ,/medical-43.svg,,,1447,0,NULL
Medical ,/medical-44.svg,,,1448,0,NULL
Medical ,/medical-45.svg,,,1449,0,NULL
Medical ,/medical-46.svg,,,1450,0,NULL
Medical ,/medical-47.svg,,,1451,0,NULL
Medical ,/medical-48.svg,,,1452,0,NULL
Medical ,/medical-49.svg,,,1453,0,NULL
Medical ,/medical-5.svg,,,1454,0,NULL
Medical ,/medical-50.svg,,,1455,0,NULL
Medical ,/medical-51.svg,,,1456,0,NULL
Medical ,/medical-52.svg,,,1457,0,NULL
Medical ,/medical-53.svg,,,1458,0,NULL
Medical ,/medical-54.svg,,,1459,0,NULL
Medical ,/medical-55.svg,,,1460,0,NULL
Medical ,/medical-56.svg,,,1461,0,NULL
Medical ,/medical-57.svg,,,1462,0,NULL
Medical ,/medical-58.svg,,,1463,0,NULL
Medical ,/medical-59.svg,,,1464,0,NULL
Medical ,/medical-6.svg,,,1465,0,NULL
Medical ,/medical-60.svg,,,1466,0,NULL
Medical ,/medical-61.svg,,,1467,0,NULL
Medical ,/medical-62.svg,,,1468,0,NULL
Medical ,/medical-63.svg,,,1469,0,NULL
Medical ,/medical-64.svg,,,1470,0,NULL
Medical ,/medical-65.svg,,,1471,0,NULL
Medical ,/medical-66.svg,,,1472,0,NULL
Medical ,/medical-67.svg,,,1473,0,NULL
Medical ,/medical-68.svg,,,1474,0,NULL
Medical ,/medical-69.svg,,,1475,0,NULL
Medical ,/medical-7.svg,,,1476,0,NULL
Medical ,/medical-70.svg,,,1477,0,NULL
Medical ,/medical-71.svg,,,1478,0,NULL
Medical ,/medical-72.svg,,,1479,0,NULL
Medical ,/medical-73.svg,,,1480,0,NULL
Medical ,/medical-74.svg,,,1481,0,NULL
Medical ,/medical-75.svg,,,1482,0,NULL
Medical ,/medical-76.svg,,,1483,0,NULL
Medical ,/medical-77.svg,,,1484,0,NULL
Medical ,/medical-78.svg,,,1485,0,NULL
Medical ,/medical-79.svg,,,1486,0,NULL
Medical ,/medical-8.svg,,,1487,0,NULL
Medical ,/medical-80.svg,,,1488,0,NULL
Medical ,/medical-81.svg,,,1489,0,NULL
Medical ,/medical-82.svg,,,1490,0,NULL
Medical ,/medical-83.svg,,,1491,0,NULL
Medical ,/medical-84.svg,,,1492,0,NULL
Medical ,/medical-85.svg,,,1493,0,NULL
Medical ,/medical-86.svg,,,1494,0,NULL
Medical ,/medical-88.svg,,,1495,0,NULL
Medical ,/medical-89.svg,,,1496,0,NULL
Medical ,/medical-9.svg,,,1497,0,NULL
Medical ,/medical-90.svg,,,1498,0,NULL
Medical ,/medical-91.svg,,,1499,0,NULL
Medical ,/medical-92.svg,,,1500,0,NULL
Medical ,/medical-93.svg,,,1501,0,NULL
Medical ,/medical-94.svg,,,1502,0,NULL
Medical ,/medical-95.svg,,,1503,0,NULL
Medical ,/medical-96.svg,,,1504,0,NULL
Medical ,/medical-97.svg,,,1505,0,NULL
Medical ,/medical-98.svg,,,1506,0,NULL
Medical ,/medical-99.svg,,,1507,0,NULL
Musical Notes,/Musical-notes-1.svg,,,1508,0,NULL
Musical Notes,/Musical-notes-10.svg,,,1509,0,NULL
Musical Notes,/Musical-notes-12.svg,,,1510,0,NULL
Musical Notes,/Musical-notes-15.svg,,,1511,0,NULL
Musical Notes,/Musical-notes-16.svg,,,1512,0,NULL
Musical Notes,/Musical-notes-18.svg,,,1513,0,NULL
Musical Notes,/Musical-notes-2.svg,,,1514,0,NULL
Musical Notes,/Musical-notes-20.svg,,,1515,0,NULL
Musical Notes,/Musical-notes-22.svg,,,1516,0,NULL
Musical Notes,/Musical-notes-23.svg,,,1517,0,NULL
Musical Notes,/Musical-notes-24.svg,,,1518,0,NULL
Musical Notes,/Musical-notes-25.svg,,,1519,0,NULL
Musical Notes,/Musical-notes-26.svg,,,1520,0,NULL
Musical Notes,/Musical-notes-27.svg,,,1521,0,NULL
Musical Notes,/Musical-notes-28.svg,,,1522,0,NULL
Musical Notes,/Musical-notes-29.svg,,,1523,0,NULL
Musical Notes,/Musical-notes-30.svg,,,1524,0,NULL
Musical Notes,/Musical-notes-31.svg,,,1525,0,NULL
Musical Notes,/Musical-notes-32.svg,,,1526,0,NULL
Musical Notes,/Musical-notes-33.svg,,,1527,0,NULL
Musical Notes,/Musical-notes-34.svg,,,1528,0,NULL
Musical Notes,/Musical-notes-35.svg,,,1529,0,NULL
Musical Notes,/Musical-notes-36.svg,,,1530,0,NULL
Musical Notes,/Musical-notes-37.svg,,,1531,0,NULL
Musical Notes,/Musical-notes-38.svg,,,1532,0,NULL
Musical Notes,/Musical-notes-39.svg,,,1533,0,NULL
Musical Notes,/Musical-notes-4.svg,,,1534,0,NULL
Musical Notes,/Musical-notes-40.svg,,,1535,0,NULL
Musical Notes,/Musical-notes-41.svg,,,1536,0,NULL
Musical Notes,/Musical-notes-42.svg,,,1537,0,NULL
Musical Notes,/Musical-notes-43.svg,,,1538,0,NULL
Musical Notes,/Musical-notes-44.svg,,,1539,0,NULL
Musical Notes,/Musical-notes-45.svg,,,1540,0,NULL
Musical Notes,/Musical-notes-46.svg,,,1541,0,NULL
Musical Notes,/Musical-notes-47.svg,,,1542,0,NULL
Musical Notes,/Musical-notes-48.svg,,,1543,0,NULL
Musical Notes,/Musical-notes-49.svg,,,1544,0,NULL
Musical Notes,/Musical-notes-50.svg,,,1545,0,NULL
Musical Notes,/Musical-notes-51.svg,,,1546,0,NULL
Musical Notes,/Musical-notes-52.svg,,,1547,0,NULL
Musical Notes,/Musical-notes-53.svg,,,1548,0,NULL
Musical Notes,/Musical-notes-54.svg,,,1549,0,NULL
Musical Notes,/Musical-notes-55.svg,,,1550,0,NULL
Musical Notes,/Musical-notes-56.svg,,,1551,0,NULL
Musical Notes,/Musical-notes-57.svg,,,1552,0,NULL
Musical Notes,/Musical-notes-58.svg,,,1553,0,NULL
Musical Notes,/Musical-notes-59.svg,,,1554,0,NULL
Musical Notes,/Musical-notes-6.svg,,,1555,0,NULL
Musical Notes,/Musical-notes-60.svg,,,1556,0,NULL
Musical Notes,/Musical-notes-61.svg,,,1557,0,NULL
Musical Notes,/Musical-notes-62.svg,,,1558,0,NULL
Musical Notes,/Musical-notes-63.svg,,,1559,0,NULL
Musical Notes,/Musical-notes-64.svg,,,1560,0,NULL
Musical Notes,/Musical-notes-65.svg,,,1561,0,NULL
Musical Notes,/Musical-notes-66.svg,,,1562,0,NULL
Musical Notes,/Musical-notes-67.svg,,,1563,0,NULL
Musical Notes,/Musical-notes-68.svg,,,1564,0,NULL
Musical Notes,/Musical-notes-69.svg,,,1565,0,NULL
Musical Notes,/Musical-notes-7.svg,,,1566,0,NULL
Musical Notes,/Musical-notes-70.svg,,,1567,0,NULL
Musical Notes,/Musical-notes-71.svg,,,1568,0,NULL
Musical Notes,/Musical-notes-72.svg,,,1569,0,NULL
Musical Notes,/Musical-notes-73.svg,,,1570,0,NULL
Musical Notes,/Musical-notes-74.svg,,,1571,0,NULL
Musical Notes,/Musical-notes-75.svg,,,1572,0,NULL
Musical Notes,/Musical-notes-76.svg,,,1573,0,NULL
Musical Notes,/Musical-notes-77.svg,,,1574,0,NULL
Musical Notes,/Musical-notes-78.svg,,,1575,0,NULL
Musical Notes,/Musical-notes-79.svg,,,1576,0,NULL
Musical Notes,/Musical-notes-8.svg,,,1577,0,NULL
Musical Notes,/Musical-notes-80.svg,,,1578,0,NULL
Musical Notes,/Musical-notes-81.svg,,,1579,0,NULL
Musical Notes,/Musical-notes-9.svg,,,1580,0,NULL
Mustache,/mustache-1.svg,,,1581,0,NULL
Mustache,/mustache-10.svg,,,1582,0,NULL
Mustache,/mustache-11.svg,,,1583,0,NULL
Mustache,/mustache-12.svg,,,1584,0,NULL
Mustache,/mustache-13.svg,,,1585,0,NULL
Mustache,/mustache-14.svg,,,1586,0,NULL
Mustache,/mustache-15.svg,,,1587,0,NULL
Mustache,/mustache-16.svg,,,1588,0,NULL
Mustache,/mustache-17.svg,,,1589,0,NULL
Mustache,/mustache-18.svg,,,1590,0,NULL
Mustache,/mustache-19.svg,,,1591,0,NULL
Mustache,/mustache-2.svg,,,1592,0,NULL
Mustache,/mustache-20.svg,,,1593,0,NULL
Mustache,/mustache-21.svg,,,1594,0,NULL
Mustache,/mustache-22.svg,,,1595,0,NULL
Mustache,/mustache-23.svg,,,1596,0,NULL
Mustache,/mustache-24.svg,,,1597,0,NULL
Mustache,/mustache-25.svg,,,1598,0,NULL
Mustache,/mustache-26.svg,,,1599,0,NULL
Mustache,/mustache-27.svg,,,1600,0,NULL
Mustache,/mustache-28.svg,,,1601,0,NULL
Mustache,/mustache-29.svg,,,1602,0,NULL
Mustache,/mustache-3.svg,,,1603,0,NULL
Mustache,/mustache-30.svg,,,1604,0,NULL
Mustache,/mustache-31.svg,,,1605,0,NULL
Mustache,/mustache-32.svg,,,1606,0,NULL
Mustache,/mustache-33.svg,,,1607,0,NULL
Mustache,/mustache-34.svg,,,1608,0,NULL
Mustache,/mustache-35.svg,,,1609,0,NULL
Mustache,/mustache-36.svg,,,1610,0,NULL
Mustache,/mustache-37.svg,,,1611,0,NULL
Mustache,/mustache-38.svg,,,1612,0,NULL
Mustache,/mustache-39.svg,,,1613,0,NULL
Mustache,/mustache-4.svg,,,1614,0,NULL
Mustache,/mustache-40.svg,,,1615,0,NULL
Mustache,/mustache-41.svg,,,1616,0,NULL
Mustache,/mustache-42.svg,,,1617,0,NULL
Mustache,/mustache-43.svg,,,1618,0,NULL
Mustache,/mustache-44.svg,,,1619,0,NULL
Mustache,/mustache-45.svg,,,1620,0,NULL
Mustache,/mustache-46.svg,,,1621,0,NULL
Mustache,/mustache-5.svg,,,1622,0,NULL
Mustache,/mustache-6.svg,,,1623,0,NULL
Mustache,/mustache-7.svg,,,1624,0,NULL
Mustache,/mustache-8.svg,,,1625,0,NULL
Mustache,/mustache-9.svg,,,1626,0,NULL
Photography,/Photography1.svg,,,1627,0,NULL
Photography,/Photography10.svg,,,1628,0,NULL
Photography,/Photography100.svg,,,1629,0,NULL
Photography,/Photography101.svg,,,1630,0,NULL
Photography,/Photography102.svg,,,1631,0,NULL
Photography,/Photography103.svg,,,1632,0,NULL
Photography,/Photography104.svg,,,1633,0,NULL
Photography,/Photography105.svg,,,1634,0,NULL
Photography,/Photography106.svg,,,1635,0,NULL
Photography,/Photography107.svg,,,1636,0,NULL
Photography,/Photography108.svg,,,1637,0,NULL
Photography,/Photography109.svg,,,1638,0,NULL
Photography,/Photography11.svg,,,1639,0,NULL
Photography,/Photography110.svg,,,1640,0,NULL
Photography,/Photography111.svg,,,1641,0,NULL
Photography,/Photography114.svg,,,1642,0,NULL
Photography,/Photography115.svg,,,1643,0,NULL
Photography,/Photography116.svg,,,1644,0,NULL
Photography,/Photography117.svg,,,1645,0,NULL
Photography,/Photography118.svg,,,1646,0,NULL
Photography,/Photography119.svg,,,1647,0,NULL
Photography,/Photography12.svg,,,1648,0,NULL
Photography,/Photography13.svg,,,1649,0,NULL
Photography,/Photography14.svg,,,1650,0,NULL
Photography,/Photography146.svg,,,1651,0,NULL
Photography,/Photography147.svg,,,1652,0,NULL
Photography,/Photography149.svg,,,1653,0,NULL
Photography,/Photography15.svg,,,1654,0,NULL
Photography,/Photography150.svg,,,1655,0,NULL
Photography,/Photography159.svg,,,1656,0,NULL
Photography,/Photography16.svg,,,1657,0,NULL
Photography,/Photography161.svg,,,1658,0,NULL
Photography,/Photography162.svg,,,1659,0,NULL
Photography,/Photography163.svg,,,1660,0,NULL
Photography,/Photography164.svg,,,1661,0,NULL
Photography,/Photography165.svg,,,1662,0,NULL
Photography,/Photography166.svg,,,1663,0,NULL
Photography,/Photography167.svg,,,1664,0,NULL
Photography,/Photography168.svg,,,1665,0,NULL
Photography,/Photography169.svg,,,1666,0,NULL
Photography,/Photography17.svg,,,1667,0,NULL
Photography,/Photography170.svg,,,1668,0,NULL
Photography,/Photography171.svg,,,1669,0,NULL
Photography,/Photography172.svg,,,1670,0,NULL
Photography,/Photography173.svg,,,1671,0,NULL
Photography,/Photography174.svg,,,1672,0,NULL
Photography,/Photography175.svg,,,1673,0,NULL
Photography,/Photography176.svg,,,1674,0,NULL
Photography,/Photography177.svg,,,1675,0,NULL
Photography,/Photography178.svg,,,1676,0,NULL
Photography,/Photography182.svg,,,1677,0,NULL
Photography,/Photography184.svg,,,1678,0,NULL
Photography,/Photography185.svg,,,1679,0,NULL
Photography,/Photography186.svg,,,1680,0,NULL
Photography,/Photography187.svg,,,1681,0,NULL
Photography,/Photography188.svg,,,1682,0,NULL
Photography,/Photography189.svg,,,1683,0,NULL
Photography,/Photography19.svg,,,1684,0,NULL
Photography,/Photography190.svg,,,1685,0,NULL
Photography,/Photography191.svg,,,1686,0,NULL
Photography,/Photography192.svg,,,1687,0,NULL
Photography,/Photography193.svg,,,1688,0,NULL
Photography,/Photography194.svg,,,1689,0,NULL
Photography,/Photography195.svg,,,1690,0,NULL
Photography,/Photography196.svg,,,1691,0,NULL
Photography,/Photography197.svg,,,1692,0,NULL
Photography,/Photography198.svg,,,1693,0,NULL
Photography,/Photography199.svg,,,1694,0,NULL
Photography,/Photography2.svg,,,1695,0,NULL
Photography,/Photography20.svg,,,1696,0,NULL
Photography,/Photography200.svg,,,1697,0,NULL
Photography,/Photography201.svg,,,1698,0,NULL
Photography,/Photography202.svg,,,1699,0,NULL
Photography,/Photography203.svg,,,1700,0,NULL
Photography,/Photography204.svg,,,1701,0,NULL
Photography,/Photography205.svg,,,1702,0,NULL
Photography,/Photography206.svg,,,1703,0,NULL
Photography,/Photography207.svg,,,1704,0,NULL
Photography,/Photography208.svg,,,1705,0,NULL
Photography,/Photography209.svg,,,1706,0,NULL
Photography,/Photography21.svg,,,1707,0,NULL
Photography,/Photography210.svg,,,1708,0,NULL
Photography,/Photography211.svg,,,1709,0,NULL
Photography,/Photography212.svg,,,1710,0,NULL
Photography,/Photography213.svg,,,1711,0,NULL
Photography,/Photography214.svg,,,1712,0,NULL
Photography,/Photography215.svg,,,1713,0,NULL
Photography,/Photography216.svg,,,1714,0,NULL
Photography,/Photography217.svg,,,1715,0,NULL
Photography,/Photography218.svg,,,1716,0,NULL
Photography,/Photography219.svg,,,1717,0,NULL
Photography,/Photography22.svg,,,1718,0,NULL
Photography,/Photography220.svg,,,1719,0,NULL
Photography,/Photography221.svg,,,1720,0,NULL
Photography,/Photography222.svg,,,1721,0,NULL
Photography,/Photography223.svg,,,1722,0,NULL
Photography,/Photography224.svg,,,1723,0,NULL
Photography,/Photography225.svg,,,1724,0,NULL
Photography,/Photography226.svg,,,1725,0,NULL
Photography,/Photography227.svg,,,1726,0,NULL
Photography,/Photography228.svg,,,1727,0,NULL
Photography,/Photography229.svg,,,1728,0,NULL
Photography,/Photography23.svg,,,1729,0,NULL
Photography,/Photography230.svg,,,1730,0,NULL
Photography,/Photography231.svg,,,1731,0,NULL
Photography,/Photography232.svg,,,1732,0,NULL
Photography,/Photography233.svg,,,1733,0,NULL
Photography,/Photography234.svg,,,1734,0,NULL
Photography,/Photography235.svg,,,1735,0,NULL
Photography,/Photography236.svg,,,1736,0,NULL
Photography,/Photography237.svg,,,1737,0,NULL
Photography,/Photography238.svg,,,1738,0,NULL
Photography,/Photography239.svg,,,1739,0,NULL
Photography,/Photography24.svg,,,1740,0,NULL
Photography,/Photography240.svg,,,1741,0,NULL
Photography,/Photography241.svg,,,1742,0,NULL
Photography,/Photography242.svg,,,1743,0,NULL
Photography,/Photography243.svg,,,1744,0,NULL
Photography,/Photography244.svg,,,1745,0,NULL
Photography,/Photography245.svg,,,1746,0,NULL
Photography,/Photography246.svg,,,1747,0,NULL
Photography,/Photography247.svg,,,1748,0,NULL
Photography,/Photography248.svg,,,1749,0,NULL
Photography,/Photography249.svg,,,1750,0,NULL
Photography,/Photography25.svg,,,1751,0,NULL
Photography,/Photography250.svg,,,1752,0,NULL
Photography,/Photography251.svg,,,1753,0,NULL
Photography,/Photography26.svg,,,1754,0,NULL
Photography,/Photography27.svg,,,1755,0,NULL
Photography,/Photography28.svg,,,1756,0,NULL
Photography,/Photography29.svg,,,1757,0,NULL
Photography,/Photography3.svg,,,1758,0,NULL
Photography,/Photography30.svg,,,1759,0,NULL
Photography,/Photography31.svg,,,1760,0,NULL
Photography,/Photography33.svg,,,1761,0,NULL
Photography,/Photography34.svg,,,1762,0,NULL
Photography,/Photography35.svg,,,1763,0,NULL
Photography,/Photography36.svg,,,1764,0,NULL
Photography,/Photography37.svg,,,1765,0,NULL
Photography,/Photography38.svg,,,1766,0,NULL
Photography,/Photography39.svg,,,1767,0,NULL
Photography,/Photography4.svg,,,1768,0,NULL
Photography,/Photography40.svg,,,1769,0,NULL
Photography,/Photography41.svg,,,1770,0,NULL
Photography,/Photography42.svg,,,1771,0,NULL
Photography,/Photography43.svg,,,1772,0,NULL
Photography,/Photography44.svg,,,1773,0,NULL
Photography,/Photography45.svg,,,1774,0,NULL
Photography,/Photography46.svg,,,1775,0,NULL
Photography,/Photography47.svg,,,1776,0,NULL
Photography,/Photography48.svg,,,1777,0,NULL
Photography,/Photography49.svg,,,1778,0,NULL
Photography,/Photography5.svg,,,1779,0,NULL
Photography,/Photography50.svg,,,1780,0,NULL
Photography,/Photography51.svg,,,1781,0,NULL
Photography,/Photography52.svg,,,1782,0,NULL
Photography,/Photography53.svg,,,1783,0,NULL
Photography,/Photography54.svg,,,1784,0,NULL
Photography,/Photography55.svg,,,1785,0,NULL
Photography,/Photography56.svg,,,1786,0,NULL
Photography,/Photography57.svg,,,1787,0,NULL
Photography,/Photography58.svg,,,1788,0,NULL
Photography,/Photography59.svg,,,1789,0,NULL
Photography,/Photography6.svg,,,1790,0,NULL
Photography,/Photography60.svg,,,1791,0,NULL
Photography,/Photography61.svg,,,1792,0,NULL
Photography,/Photography62.svg,,,1793,0,NULL
Photography,/Photography63.svg,,,1794,0,NULL
Photography,/Photography64.svg,,,1795,0,NULL
Photography,/Photography65.svg,,,1796,0,NULL
Photography,/Photography66.svg,,,1797,0,NULL
Photography,/Photography67.svg,,,1798,0,NULL
Photography,/Photography68.svg,,,1799,0,NULL
Photography,/Photography69.svg,,,1800,0,NULL
Photography,/Photography7.svg,,,1801,0,NULL
Photography,/Photography70.svg,,,1802,0,NULL
Photography,/Photography71.svg,,,1803,0,NULL
Photography,/Photography72.svg,,,1804,0,NULL
Photography,/Photography73.svg,,,1805,0,NULL
Photography,/Photography74.svg,,,1806,0,NULL
Photography,/Photography75.svg,,,1807,0,NULL
Photography,/Photography76.svg,,,1808,0,NULL
Photography,/Photography77.svg,,,1809,0,NULL
Photography,/Photography78.svg,,,1810,0,NULL
Photography,/Photography79.svg,,,1811,0,NULL
Photography,/Photography8.svg,,,1812,0,NULL
Photography,/Photography80.svg,,,1813,0,NULL
Photography,/Photography81.svg,,,1814,0,NULL
Photography,/Photography82.svg,,,1815,0,NULL
Photography,/Photography83.svg,,,1816,0,NULL
Photography,/Photography84.svg,,,1817,0,NULL
Photography,/Photography85.svg,,,1818,0,NULL
Photography,/Photography9.svg,,,1819,0,NULL
Photography,/Photography95.svg,,,1820,0,NULL
Photography,/Photography96.svg,,,1821,0,NULL
Photography,/Photography97.svg,,,1822,0,NULL
Photography,/Photography98.svg,,,1823,0,NULL
Photography,/Photography99.svg,,,1824,0,NULL
Romance,/Romance1.svg,,,1825,0,NULL
Romance,/Romance10.svg,,,1826,0,NULL
Romance,/Romance11.svg,,,1827,0,NULL
Romance,/Romance12.svg,,,1828,0,NULL
Romance,/Romance13.svg,,,1829,0,NULL
Romance,/Romance14.svg,,,1830,0,NULL
Romance,/Romance15.svg,,,1831,0,NULL
Romance,/Romance16.svg,,,1832,0,NULL
Romance,/Romance17.svg,,,1833,0,NULL
Romance,/Romance18.svg,,,1834,0,NULL
Romance,/Romance19.svg,,,1835,0,NULL
Romance,/Romance2.svg,,,1836,0,NULL
Romance,/Romance20.svg,,,1837,0,NULL
Romance,/Romance21.svg,,,1838,0,NULL
Romance,/Romance22.svg,,,1839,0,NULL
Romance,/Romance23.svg,,,1840,0,NULL
Romance,/Romance24.svg,,,1841,0,NULL
Romance,/Romance25.svg,,,1842,0,NULL
Romance,/Romance26.svg,,,1843,0,NULL
Romance,/Romance27.svg,,,1844,0,NULL
Romance,/Romance28.svg,,,1845,0,NULL
Romance,/Romance29.svg,,,1846,0,NULL
Romance,/Romance3.svg,,,1847,0,NULL
Romance,/Romance30.svg,,,1848,0,NULL
Romance,/Romance31.svg,,,1849,0,NULL
Romance,/Romance32.svg,,,1850,0,NULL
Romance,/Romance33.svg,,,1851,0,NULL
Romance,/Romance34.svg,,,1852,0,NULL
Romance,/Romance35.svg,,,1853,0,NULL
Romance,/Romance36.svg,,,1854,0,NULL
Romance,/Romance37.svg,,,1855,0,NULL
Romance,/Romance38.svg,,,1856,0,NULL
Romance,/Romance39.svg,,,1857,0,NULL
Romance,/Romance4.svg,,,1858,0,NULL
Romance,/Romance40.svg,,,1859,0,NULL
Romance,/Romance41.svg,,,1860,0,NULL
Romance,/Romance42.svg,,,1861,0,NULL
Romance,/Romance43.svg,,,1862,0,NULL
Romance,/Romance44.svg,,,1863,0,NULL
Romance,/Romance45.svg,,,1864,0,NULL
Romance,/Romance46.svg,,,1865,0,NULL
Romance,/Romance47.svg,,,1866,0,NULL
Romance,/Romance48.svg,,,1867,0,NULL
Romance,/Romance49.svg,,,1868,0,NULL
Romance,/Romance5.svg,,,1869,0,NULL
Romance,/Romance50.svg,,,1870,0,NULL
Romance,/Romance51.svg,,,1871,0,NULL
Romance,/Romance52.svg,,,1872,0,NULL
Romance,/Romance53.svg,,,1873,0,NULL
Romance,/Romance54.svg,,,1874,0,NULL
Romance,/Romance55.svg,,,1875,0,NULL
Romance,/Romance56.svg,,,1876,0,NULL
Romance,/Romance6.svg,,,1877,0,NULL
Romance,/Romance7.svg,,,1878,0,NULL
Romance,/Romance8.svg,,,1879,0,NULL
Romance,/Romance9.svg,,,1880,0,NULL
Sad,/sad-1.svg,,,1881,0,NULL
Sad,/sad-10.svg,,,1882,0,NULL
Sad,/sad-11.svg,,,1883,0,NULL
Sad,/sad-12.svg,,,1884,0,NULL
Sad,/sad-13.svg,,,1885,0,NULL
Sad,/sad-14.svg,,,1886,0,NULL
Sad,/sad-15.svg,,,1887,0,NULL
Sad,/sad-17.svg,,,1888,0,NULL
Sad,/sad-18.svg,,,1889,0,NULL
Sad,/sad-19.svg,,,1890,0,NULL
Sad,/sad-2.svg,,,1891,0,NULL
Sad,/sad-20.svg,,,1892,0,NULL
Sad,/sad-21.svg,,,1893,0,NULL
Sad,/sad-22.svg,,,1894,0,NULL
Sad,/sad-23.svg,,,1895,0,NULL
Sad,/sad-24.svg,,,1896,0,NULL
Sad,/sad-25.svg,,,1897,0,NULL
Sad,/sad-26.svg,,,1898,0,NULL
Sad,/sad-27.svg,,,1899,0,NULL
Sad,/sad-28.svg,,,1900,0,NULL
Sad,/sad-29.svg,,,1901,0,NULL
Sad,/sad-3.svg,,,1902,0,NULL
Sad,/sad-30.svg,,,1903,0,NULL
Sad,/sad-31.svg,,,1904,0,NULL
Sad,/sad-32.svg,,,1905,0,NULL
Sad,/sad-33.svg,,,1906,0,NULL
Sad,/sad-34.svg,,,1907,0,NULL
Sad,/sad-35.svg,,,1908,0,NULL
Sad,/sad-36.svg,,,1909,0,NULL
Sad,/sad-37.svg,,,1910,0,NULL
Sad,/sad-38.svg,,,1911,0,NULL
Sad,/sad-39.svg,,,1912,0,NULL
Sad,/sad-4.svg,,,1913,0,NULL
Sad,/sad-40.svg,,,1914,0,NULL
Sad,/sad-41.svg,,,1915,0,NULL
Sad,/sad-42.svg,,,1916,0,NULL
Sad,/sad-43.svg,,,1917,0,NULL
Sad,/sad-44.svg,,,1918,0,NULL
Sad,/sad-45.svg,,,1919,0,NULL
Sad,/sad-46.svg,,,1920,0,NULL
Sad,/sad-5.svg,,,1921,0,NULL
Sad,/sad-6.svg,,,1922,0,NULL
Sad,/sad-7.svg,,,1923,0,NULL
Sad,/sad-8.svg,,,1924,0,NULL
Sad,/sad-9.svg,,,1925,0,NULL
Smiley,/smily-1.svg,,,1926,0,NULL
Smiley,/smily-10.svg,,,1927,0,NULL
Smiley,/smily-11.svg,,,1928,0,NULL
Smiley,/smily-12.svg,,,1929,0,NULL
Smiley,/smily-13.svg,,,1930,0,NULL
Smiley,/smily-14.svg,,,1931,0,NULL
Smiley,/smily-15.svg,,,1932,0,NULL
Smiley,/smily-16.svg,,,1933,0,NULL
Smiley,/smily-17.svg,,,1934,0,NULL
Smiley,/smily-18.svg,,,1935,0,NULL
Smiley,/smily-19.svg,,,1936,0,NULL
Smiley,/smily-2.svg,,,1937,0,NULL
Smiley,/smily-20.svg,,,1938,0,NULL
Smiley,/smily-21.svg,,,1939,0,NULL
Smiley,/smily-22.svg,,,1940,0,NULL
Smiley,/smily-23.svg,,,1941,0,NULL
Smiley,/smily-24.svg,,,1942,0,NULL
Smiley,/smily-25.svg,,,1943,0,NULL
Smiley,/smily-26.svg,,,1944,0,NULL
Smiley,/smily-27.svg,,,1945,0,NULL
Smiley,/smily-28.svg,,,1946,0,NULL
Smiley,/smily-29.svg,,,1947,0,NULL
Smiley,/smily-3.svg,,,1948,0,NULL
Smiley,/smily-4.svg,,,1949,0,NULL
Smiley,/smily-5.svg,,,1950,0,NULL
Smiley,/smily-6.svg,,,1951,0,NULL
Smiley,/smily-7.svg,,,1952,0,NULL
Smiley,/smily-8.svg,,,1953,0,NULL
Smiley,/smily-9.svg,,,1954,0,NULL
Smiley,/smily-30.svg,,,1955,0,NULL
Smiley,/smily-31.svg,,,1956,0,NULL
Smiley,/smily-32.svg,,,1957,0,NULL
Smiley,/smily-33.svg,,,1958,0,NULL
Smiley,/smily-34.svg,,,1959,0,NULL
Smiley,/smily-35.svg,,,1960,0,NULL
Smiley,/smily-36.svg,,,1961,0,NULL
Smiley,/smily-37.svg,,,1962,0,NULL
Smiley,/smily-38.svg,,,1963,0,NULL
Smiley,/smily-39.svg,,,1964,0,NULL
Smiley,/smily-40.svg,,,1965,0,NULL
Smiley,/smily-41.svg,,,1966,0,NULL
Televisions,/Television1.svg,,,1967,0,NULL
Televisions,/Television10.svg,,,1968,0,NULL
Televisions,/Television11.svg,,,1969,0,NULL
Televisions,/Television12.svg,,,1970,0,NULL
Televisions,/Television13.svg,,,1971,0,NULL
Televisions,/Television14.svg,,,1972,0,NULL
Televisions,/Television15.svg,,,1973,0,NULL
Televisions,/Television16.svg,,,1974,0,NULL
Televisions,/Television17.svg,,,1975,0,NULL
Televisions,/Television18.svg,,,1976,0,NULL
Televisions,/Television19.svg,,,1977,0,NULL
Televisions,/Television2.svg,,,1978,0,NULL
Televisions,/Television20.svg,,,1979,0,NULL
Televisions,/Television21.svg,,,1980,0,NULL
Televisions,/Television22.svg,,,1981,0,NULL
Televisions,/Television23.svg,,,1982,0,NULL
Televisions,/Television24.svg,,,1983,0,NULL
Televisions,/Television25.svg,,,1984,0,NULL
Televisions,/Television26.svg,,,1985,0,NULL
Televisions,/Television27.svg,,,1986,0,NULL
Televisions,/Television28.svg,,,1987,0,NULL
Televisions,/Television29.svg,,,1988,0,NULL
Televisions,/Television3.svg,,,1989,0,NULL
Televisions,/Television30.svg,,,1990,0,NULL
Televisions,/Television31.svg,,,1991,0,NULL
Televisions,/Television32.svg,,,1992,0,NULL
Televisions,/Television33.svg,,,1993,0,NULL
Televisions,/Television34.svg,,,1994,0,NULL
Televisions,/Television35.svg,,,1995,0,NULL
Televisions,/Television36.svg,,,1996,0,NULL
Televisions,/Television37.svg,,,1997,0,NULL
Televisions,/Television38.svg,,,1998,0,NULL
Televisions,/Television4.svg,,,1999,0,NULL
Televisions,/Television40.svg,,,2000,0,NULL
Televisions,/Television41.svg,,,2001,0,NULL
Televisions,/Television42.svg,,,2002,0,NULL
Televisions,/Television43.svg,,,2003,0,NULL
Televisions,/Television44.svg,,,2004,0,NULL
Televisions,/Television45.svg,,,2005,0,NULL
Televisions,/Television46.svg,,,2006,0,NULL
Televisions,/Television5.svg,,,2007,0,NULL
Televisions,/Television6.svg,,,2008,0,NULL
Televisions,/Television7.svg,,,2009,0,NULL
Televisions,/Television8.svg,,,2010,0,NULL
Televisions,/Television9.svg,,,2011,0,NULL
